#VRML V2.0 utf8
# 3D model generated by easyeda2kicad.py (https://github.com/uPesy/easyeda2kicad.py)

Shape{
    appearance Appearance {
        material  Material 	{
            diffuseColor 0.8509803921568627 0.8509803921568627 0.8509803921568627
            specularColor 0.4235294117647059 0.4235294117647059 0.4235294117647059
            ambientIntensity 0.851
            transparency 0.0
            shininess 0.5
        }
    }
    geometry IndexedFaceSet {
        ccw TRUE
        solid FALSE
        coord DEF co Coordinate {
            point [
                -3.1102 -3.076 5.3543, -3.1102 4.0894 5.3543, -3.1102 -3.076 5.2756, -3.1102 4.0894 5.2756, 3.1102 -3.076 5.3543, 3.1102 -3.076 5.2756, 3.1102 4.0894 5.3543, 3.1102 4.0894 5.2756, 2.9528 4.0894 5.3543, 2.9528 4.0894 5.2756, 2.9528 4.1355 5.3543, 2.9528 4.215 5.3236, 2.9528 4.2339 5.3015, 2.9528 4.2468 5.2756, 2.9528 4.1913 5.3403, 2.9528 4.1643 5.3508, 1.9685 4.0894 5.3543, 1.9685 4.1355 5.3543, 1.9685 4.0894 5.2756, 1.9685 4.1643 5.3508, 1.9685 4.1913 5.3403, 1.9685 4.215 5.3236, 1.9685 4.2339 5.3015, 1.9685 4.2468 5.2756, -1.9685 4.0894 5.3543, -1.9685 4.0894 5.2756, -1.9685 4.1355 5.3543, -1.9685 4.215 5.3236, -1.9685 4.2339 5.3015, -1.9685 4.2468 5.2756, -1.9685 4.1913 5.3403, -1.9685 4.1643 5.3508, -2.9528 4.0894 5.3543, -2.9528 4.1355 5.3543, -2.9528 4.0894 5.2756, -2.9528 4.1643 5.3508, -2.9528 4.1913 5.3403, -2.9528 4.215 5.3236, -2.9528 4.2339 5.3015, -2.9528 4.2468 5.2756, -3.1102 -3.076 0.0787, -3.1102 4.1681 0.0787, -3.0315 -3.076 0.0787, -3.0315 4.1681 0.0787, -3.0315 -3.076 5.2756, -3.0315 4.0894 5.2756, -3.1102 4.0894 2.4409, -3.0315 4.0894 2.4409, -3.1102 2.298 2.4409, -3.0315 2.298 2.4409, -3.1102 2.2471 2.4342, -3.0315 2.2471 2.4342, -3.1102 2.1996 2.4146, -3.0315 2.1996 2.4146, -3.1102 2.1588 2.3833, -3.0315 2.1588 2.3833, -3.1102 2.1276 2.3425, -3.0315 2.1276 2.3425, -3.1102 2.1079 2.295, -3.0315 2.1079 2.295, -3.1102 2.1012 2.2441, -3.0315 2.1012 2.2441, -3.1102 2.1079 2.1931, -3.0315 2.1079 2.1931, -3.1102 2.1276 2.1457, -3.0315 2.1276 2.1457, -3.1102 2.1588 2.1049, -3.0315 2.1588 2.1049, -3.1102 2.1996 2.0736, -3.0315 2.1996 2.0736, -3.1102 2.2471 2.054, -3.0315 2.2471 2.054, -3.1102 2.298 2.0472, -3.0315 2.298 2.0472, -3.1102 4.1681 2.0472, -3.0315 4.1681 2.0472, 3.1102 4.1681 0.0787, 3.1102 -3.076 0.0787, 3.0315 4.1681 0.0787, 3.0315 -3.076 0.0787, 3.0315 -3.076 5.2756, 3.0315 4.0894 5.2756, 3.1102 4.0894 2.4409, 3.0315 4.0894 2.4409, 3.1102 2.298 2.4409, 3.0315 2.298 2.4409, 3.1102 2.298 2.0472, 3.0315 2.298 2.0472, 3.1102 2.2471 2.054, 3.0315 2.2471 2.054, 3.1102 2.1996 2.0736, 3.0315 2.1996 2.0736, 3.1102 2.1588 2.1049, 3.0315 2.1588 2.1049, 3.1102 2.1276 2.1457, 3.0315 2.1276 2.1457, 3.1102 2.1079 2.1931, 3.0315 2.1079 2.1931, 3.1102 2.1012 2.2441, 3.0315 2.1012 2.2441, 3.1102 2.1079 2.295, 3.0315 2.1079 2.295, 3.1102 2.1276 2.3425, 3.0315 2.1276 2.3425, 3.1102 2.1588 2.3833, 3.0315 2.1588 2.3833, 3.1102 2.1996 2.4146, 3.0315 2.1996 2.4146, 3.1102 2.2471 2.4342, 3.0315 2.2471 2.4342, 3.1102 4.1681 2.0472, 3.0315 4.1681 2.0472, 3.1102 4.2468 0.0787, 1.5748 4.2468 0.0787, 3.1102 4.2468 2.0472, 1.5748 4.2468 0.4724, 2.9528 4.2468 2.0472, 1.9685 4.2468 5.1575, -1.5748 4.2468 0.0787, -3.1102 4.2468 0.0787, -1.5748 4.2468 0.4724, -3.1102 4.2468 2.0472, -2.9528 4.2468 2.0472, 2.113 4.2468 3.8974, 2.1748 4.2468 3.8549, 2.2245 4.2468 3.7987, 2.0429 4.2468 3.924, 1.9685 4.2468 3.9331, -1.9685 4.2468 5.1575, 2.113 4.2468 3.3467, 2.1748 4.2468 3.3892, 2.0429 4.2468 1.9555, 2.2245 4.2468 3.4454, -1.9685 4.2468 3.9331, -2.0429 4.2468 3.924, -2.1748 4.2468 3.8549, -2.2245 4.2468 3.7987, -2.2593 4.2468 3.7323, -2.2773 4.2468 3.6595, -2.2773 4.2468 3.5846, -2.2593 4.2468 3.5118, -2.2245 4.2468 3.4454, -2.1748 4.2468 3.3892, -2.113 4.2468 3.3467, -2.113 4.2468 3.8974, 2.2593 4.2468 3.5118, 2.2773 4.2468 3.5846, 2.2773 4.2468 3.6595, 2.2593 4.2468 3.7323, -2.2245 4.2468 1.8302, -2.2593 4.2468 1.7638, -2.2773 4.2468 1.691, -2.2773 4.2468 1.6161, -2.2593 4.2468 1.5433, -2.2245 4.2468 1.4769, -2.1748 4.2468 1.4207, -2.113 4.2468 1.3781, 2.2593 4.2468 1.5433, 2.2773 4.2468 1.6161, 2.2773 4.2468 1.691, 2.2593 4.2468 1.7638, 2.2245 4.2468 1.8302, 2.1748 4.2468 1.8864, 2.113 4.2468 1.9289, -2.0429 4.2468 3.3201, -1.9685 4.2468 1.9646, -1.9685 4.2468 3.311, 1.9685 4.2468 1.9646, 1.9685 4.2468 3.311, 2.0429 4.2468 3.3201, -2.0429 4.2468 1.9555, -2.113 4.2468 1.9289, -2.1748 4.2468 1.8864, -2.0429 4.2468 1.3516, -1.9685 4.2468 1.3425, 1.9685 4.2468 1.3425, 2.0429 4.2468 1.3516, 2.113 4.2468 1.3781, 2.1748 4.2468 1.4207, 2.2245 4.2468 1.4769, 2.9528 4.1681 2.0472, 1.5748 4.1681 0.0787, 1.5748 4.1681 0.4724, -1.5748 4.1681 0.4724, -1.5748 4.1681 0.0787, -2.9528 4.1681 2.0472, -2.9528 4.1681 5.2756, -1.9685 4.1681 5.2756, -1.9685 4.1681 5.1575, 1.9685 4.1681 5.1575, 1.9685 4.1681 5.2756, 2.9528 4.1681 5.2756, 2.1478 4.3256 1.6535, 1.9685 4.3256 1.4743, 2.1417 4.3256 1.6999, 2.1238 4.3256 1.7432, -2.1238 4.3256 1.5639, -2.1417 4.3256 1.6071, -1.9685 4.3256 1.4743, -2.1478 4.3256 1.6535, -2.1417 4.3256 1.6999, -2.1238 4.3256 1.7432, -2.0953 4.3256 1.7803, -2.0581 4.3256 1.8088, -2.0149 4.3256 1.8267, -1.9685 4.3256 1.8328, 1.9685 4.3256 1.8328, 2.0149 4.3256 1.8267, 2.1417 4.3256 1.6071, 2.1238 4.3256 1.5639, 2.0149 4.3256 1.4804, 2.0953 4.3256 1.5268, 2.0581 4.3256 1.4983, -2.0953 4.3256 1.5268, -2.0149 4.3256 1.4804, -2.0581 4.3256 1.4983, 2.0581 4.3256 1.8088, 2.0953 4.3256 1.7803, -2.0149 4.3256 3.4489, -2.0581 4.3256 3.4668, -1.9685 4.3256 3.8013, 1.9685 4.3256 3.8013, 2.0149 4.3256 3.7952, 1.9685 4.3256 3.4428, 2.0581 4.3256 3.7773, 2.0953 4.3256 3.7488, -1.9685 4.3256 3.4428, 2.0953 4.3256 3.4953, 2.1238 4.3256 3.7117, 2.0581 4.3256 3.4668, 2.0149 4.3256 3.4489, -2.0953 4.3256 3.7488, -2.0953 4.3256 3.4953, -2.1417 4.3256 3.5757, -2.1478 4.3256 3.622, -2.1417 4.3256 3.6684, -2.0581 4.3256 3.7773, -2.0149 4.3256 3.7952, 2.1417 4.3256 3.5757, 2.1238 4.3256 3.5324, 2.1478 4.3256 3.622, 2.1417 4.3256 3.6684, -2.1238 4.3256 3.5324, -2.1238 4.3256 3.7117, 2.0293 4.273 3.3752, 1.9685 4.273 3.3678, 1.9685 4.2862 3.3769, 2.0271 4.2862 3.3846, 2.032 4.2862 3.3853, 2.0867 4.273 3.3969, 2.082 4.2862 3.406, 2.0911 4.2862 3.4097, 2.1371 4.273 3.4317, 2.1302 4.2862 3.4397, 2.1418 4.2862 3.4487, 2.1777 4.273 3.4776, 2.1688 4.2862 3.4839, 2.1808 4.2862 3.4995, 2.2062 4.273 3.5319, 2.1959 4.2862 3.5359, 2.2053 4.2862 3.5586, 2.2209 4.273 3.5914, 2.2098 4.2862 3.5928, 2.2209 4.273 3.6527, 2.2136 4.2862 3.622, 2.2098 4.2862 3.6513, 2.2062 4.273 3.7122, 2.2053 4.2862 3.6855, 2.1959 4.2862 3.7082, 2.1777 4.273 3.7665, 2.1808 4.2862 3.7446, 2.1688 4.2862 3.7602, 2.1371 4.273 3.8124, 2.1418 4.2862 3.7954, 2.1302 4.2862 3.8044, 2.0867 4.273 3.8472, 2.0911 4.2862 3.8344, 2.082 4.2862 3.8381, 2.0293 4.273 3.8689, 1.9685 4.2862 3.8672, 1.9685 4.273 3.8763, 2.0271 4.2862 3.8595, 2.032 4.2862 3.8588, 1.9685 4.2619 3.888, 2.0322 4.2619 3.8803, 2.0921 4.2619 3.8576, 2.1449 4.2619 3.8211, 2.1874 4.2619 3.7731, 2.2172 4.2619 3.7164, 2.2325 4.2619 3.6541, 2.2325 4.2619 3.59, 2.2172 4.2619 3.5277, 2.1874 4.2619 3.471, 2.1449 4.2619 3.423, 2.0921 4.2619 3.3865, 2.0322 4.2619 3.3638, 1.9685 4.2619 3.3561, 1.9685 4.2537 3.9018, 2.0355 4.2537 3.8937, 2.0985 4.2537 3.8698, 2.154 4.2537 3.8315, 2.1988 4.2537 3.781, 2.2301 4.2537 3.7213, 2.2462 4.2537 3.6558, 2.2462 4.2537 3.5883, 2.2301 4.2537 3.5228, 2.1988 4.2537 3.4631, 2.154 4.2537 3.4126, 2.0985 4.2537 3.3743, 2.0355 4.2537 3.3504, 1.9685 4.2537 3.3423, 1.9685 4.2486 3.9171, 2.0391 4.2486 3.9085, 2.1056 4.2486 3.8833, 2.1641 4.2486 3.8429, 2.2113 4.2486 3.7896, 2.2444 4.2486 3.7267, 2.2614 4.2486 3.6576, 2.2614 4.2486 3.5865, 2.2444 4.2486 3.5174, 2.2113 4.2486 3.4545, 2.1641 4.2486 3.4012, 2.1056 4.2486 3.3608, 2.0391 4.2486 3.3356, 1.9685 4.2486 3.327, -1.9685 4.2486 3.327, -1.9685 4.2537 3.3423, -1.9685 4.2619 3.3561, -1.9685 4.273 3.3678, -1.9685 4.2862 3.3769, -1.9685 4.2486 3.9171, -1.9685 4.2537 3.9018, -1.9685 4.2619 3.888, -1.9685 4.273 3.8763, -1.9685 4.2862 3.8672, -2.0293 4.273 3.8689, -2.0271 4.2862 3.8595, -2.032 4.2862 3.8588, -2.0867 4.273 3.8472, -2.082 4.2862 3.8381, -2.0911 4.2862 3.8344, -2.1371 4.273 3.8124, -2.1302 4.2862 3.8044, -2.1418 4.2862 3.7954, -2.1777 4.273 3.7665, -2.1688 4.2862 3.7602, -2.1808 4.2862 3.7446, -2.2062 4.273 3.7122, -2.1959 4.2862 3.7082, -2.2053 4.2862 3.6855, -2.2209 4.273 3.6527, -2.2098 4.2862 3.6513, -2.2136 4.2862 3.622, -2.2209 4.273 3.5914, -2.2098 4.2862 3.5928, -2.2062 4.273 3.5319, -2.2053 4.2862 3.5586, -2.1959 4.2862 3.5359, -2.1777 4.273 3.4776, -2.1808 4.2862 3.4995, -2.1688 4.2862 3.4839, -2.1371 4.273 3.4317, -2.1418 4.2862 3.4487, -2.1302 4.2862 3.4397, -2.0867 4.273 3.3969, -2.0911 4.2862 3.4097, -2.082 4.2862 3.406, -2.0293 4.273 3.3752, -2.0271 4.2862 3.3846, -2.032 4.2862 3.3853, -2.0322 4.2619 3.3638, -2.0921 4.2619 3.3865, -2.1449 4.2619 3.423, -2.1874 4.2619 3.471, -2.2172 4.2619 3.5277, -2.2325 4.2619 3.59, -2.2325 4.2619 3.6541, -2.2172 4.2619 3.7164, -2.1874 4.2619 3.7731, -2.1449 4.2619 3.8211, -2.0921 4.2619 3.8576, -2.0322 4.2619 3.8803, -2.0355 4.2537 3.3504, -2.0985 4.2537 3.3743, -2.154 4.2537 3.4126, -2.1988 4.2537 3.4631, -2.2301 4.2537 3.5228, -2.2462 4.2537 3.5883, -2.2462 4.2537 3.6558, -2.2301 4.2537 3.7213, -2.1988 4.2537 3.781, -2.154 4.2537 3.8315, -2.0985 4.2537 3.8698, -2.0355 4.2537 3.8937, -2.0391 4.2486 3.3356, -2.1056 4.2486 3.3608, -2.1641 4.2486 3.4012, -2.2113 4.2486 3.4545, -2.2444 4.2486 3.5174, -2.2614 4.2486 3.5865, -2.2614 4.2486 3.6576, -2.2444 4.2486 3.7267, -2.2113 4.2486 3.7896, -2.1641 4.2486 3.8429, -2.1056 4.2486 3.8833, -2.0391 4.2486 3.9085, 2.0293 4.273 1.4067, 1.9685 4.273 1.3993, 1.9685 4.2862 1.4084, 2.0271 4.2862 1.4161, 2.032 4.2862 1.4168, 2.0867 4.273 1.4284, 2.082 4.2862 1.4375, 2.0911 4.2862 1.4412, 2.1371 4.273 1.4632, 2.1302 4.2862 1.4712, 2.1418 4.2862 1.4802, 2.1777 4.273 1.5091, 2.1688 4.2862 1.5154, 2.1808 4.2862 1.531, 2.2062 4.273 1.5634, 2.1959 4.2862 1.5674, 2.2053 4.2862 1.5901, 2.2209 4.273 1.6229, 2.2098 4.2862 1.6243, 2.2136 4.2862 1.6535, 2.2209 4.273 1.6842, 2.2098 4.2862 1.6828, 2.2062 4.273 1.7437, 2.2053 4.2862 1.717, 2.1959 4.2862 1.7397, 2.1777 4.273 1.798, 2.1808 4.2862 1.7761, 2.1688 4.2862 1.7917, 2.1371 4.273 1.8438, 2.1418 4.2862 1.8269, 2.1302 4.2862 1.8359, 2.0867 4.273 1.8787, 2.0911 4.2862 1.8658, 2.082 4.2862 1.8696, 2.0293 4.273 1.9004, 1.9685 4.2862 1.8987, 1.9685 4.273 1.9078, 2.0271 4.2862 1.891, 2.032 4.2862 1.8903, 1.9685 4.2619 1.9195, 2.0322 4.2619 1.9118, 2.0921 4.2619 1.889, 2.1449 4.2619 1.8526, 2.1874 4.2619 1.8046, 2.2172 4.2619 1.7479, 2.2325 4.2619 1.6856, 2.2325 4.2619 1.6215, 2.2172 4.2619 1.5592, 2.1874 4.2619 1.5025, 2.1449 4.2619 1.4545, 2.0921 4.2619 1.418, 2.0322 4.2619 1.3953, 1.9685 4.2619 1.3876, 1.9685 4.2537 1.9333, 2.0355 4.2537 1.9252, 2.0985 4.2537 1.9013, 2.154 4.2537 1.863, 2.1988 4.2537 1.8125, 2.2301 4.2537 1.7528, 2.2462 4.2537 1.6873, 2.2462 4.2537 1.6198, 2.2301 4.2537 1.5543, 2.1988 4.2537 1.4946, 2.154 4.2537 1.4441, 2.0985 4.2537 1.4058, 2.0355 4.2537 1.3819, 1.9685 4.2537 1.3738, 1.9685 4.2486 1.9486, 2.0391 4.2486 1.94, 2.1056 4.2486 1.9148, 2.1641 4.2486 1.8744, 2.2113 4.2486 1.8211, 2.2444 4.2486 1.7582, 2.2614 4.2486 1.6891, 2.2614 4.2486 1.618, 2.2444 4.2486 1.5489, 2.2113 4.2486 1.4859, 2.1641 4.2486 1.4327, 2.1056 4.2486 1.3923, 2.0391 4.2486 1.3671, 1.9685 4.2486 1.3585, -1.9685 4.2486 1.3585, -1.9685 4.2537 1.3738, -1.9685 4.2619 1.3876, -1.9685 4.273 1.3993, -1.9685 4.2862 1.4084, -1.9685 4.2486 1.9486, -1.9685 4.2537 1.9333, -1.9685 4.2619 1.9195, -1.9685 4.273 1.9078, -1.9685 4.2862 1.8987, -2.0293 4.273 1.9004, -2.0271 4.2862 1.891, -2.032 4.2862 1.8903, -2.0867 4.273 1.8787, -2.082 4.2862 1.8696, -2.0911 4.2862 1.8658, -2.1371 4.273 1.8438, -2.1302 4.2862 1.8359, -2.1418 4.2862 1.8269, -2.1777 4.273 1.798, -2.1688 4.2862 1.7917, -2.1808 4.2862 1.7761, -2.2062 4.273 1.7437, -2.1959 4.2862 1.7397, -2.2053 4.2862 1.717, -2.2209 4.273 1.6842, -2.2098 4.2862 1.6828, -2.2136 4.2862 1.6535, -2.2209 4.273 1.6229, -2.2098 4.2862 1.6243, -2.2062 4.273 1.5634, -2.2053 4.2862 1.5901, -2.1959 4.2862 1.5674, -2.1777 4.273 1.5091, -2.1808 4.2862 1.531, -2.1688 4.2862 1.5154, -2.1371 4.273 1.4632, -2.1418 4.2862 1.4802, -2.1302 4.2862 1.4712, -2.0867 4.273 1.4284, -2.0911 4.2862 1.4412, -2.082 4.2862 1.4375, -2.0293 4.273 1.4067, -2.0271 4.2862 1.4161, -2.032 4.2862 1.4168, -2.0322 4.2619 1.3953, -2.0921 4.2619 1.418, -2.1449 4.2619 1.4545, -2.1874 4.2619 1.5025, -2.2172 4.2619 1.5592, -2.2325 4.2619 1.6215, -2.2325 4.2619 1.6856, -2.2172 4.2619 1.7479, -2.1874 4.2619 1.8046, -2.1449 4.2619 1.8526, -2.0921 4.2619 1.889, -2.0322 4.2619 1.9118, -2.0355 4.2537 1.3819, -2.0985 4.2537 1.4058, -2.154 4.2537 1.4441, -2.1988 4.2537 1.4946, -2.2301 4.2537 1.5543, -2.2462 4.2537 1.6198, -2.2462 4.2537 1.6873, -2.2301 4.2537 1.7528, -2.1988 4.2537 1.8125, -2.154 4.2537 1.863, -2.0985 4.2537 1.9013, -2.0355 4.2537 1.9252, -2.0391 4.2486 1.3671, -2.1056 4.2486 1.3923, -2.1641 4.2486 1.4327, -2.2113 4.2486 1.4859, -2.2444 4.2486 1.5489, -2.2614 4.2486 1.618, -2.2614 4.2486 1.6891, -2.2444 4.2486 1.7582, -2.2113 4.2486 1.8211, -2.1641 4.2486 1.8744, -2.1056 4.2486 1.9148, -2.0391 4.2486 1.94, 1.9685 4.3239 1.8488, 2.019 4.3239 1.8422, 1.9685 4.3187 1.8641, 2.023 4.3187 1.8569, 1.9685 4.3105 1.8779, 2.0266 4.3105 1.8702, 1.9685 4.2995 1.8896, 2.0296 4.2995 1.8815, 2.0865 4.2995 1.858, 2.1354 4.2995 1.8205, 2.1729 4.2995 1.7716, 2.1965 4.2995 1.7146, 2.2045 4.2995 1.6535, 2.1965 4.2995 1.5925, 2.1729 4.2995 1.5355, 2.1354 4.2995 1.4866, 2.0865 4.2995 1.4491, 2.0296 4.2995 1.4255, 1.9685 4.2995 1.4175, 2.0807 4.3105 1.8478, 2.1271 4.3105 1.8122, 2.1628 4.3105 1.7657, 2.1852 4.3105 1.7116, 2.1928 4.3105 1.6535, 2.1852 4.3105 1.5955, 2.1628 4.3105 1.5414, 2.1271 4.3105 1.4949, 2.0807 4.3105 1.4593, 2.0266 4.3105 1.4369, 1.9685 4.3105 1.4292, 2.0738 4.3187 1.8359, 2.1174 4.3187 1.8024, 2.1508 4.3187 1.7588, 2.1718 4.3187 1.708, 2.179 4.3187 1.6535, 2.1718 4.3187 1.5991, 2.1508 4.3187 1.5483, 2.1174 4.3187 1.5047, 2.0738 4.3187 1.4712, 2.023 4.3187 1.4502, 1.9685 4.3187 1.443, 2.0661 4.3239 1.8226, 2.1066 4.3239 1.7916, 2.1376 4.3239 1.7512, 2.1571 4.3239 1.7041, 2.1638 4.3239 1.6535, 2.1571 4.3239 1.603, 2.1376 4.3239 1.5559, 2.1066 4.3239 1.5155, 2.0661 4.3239 1.4844, 2.019 4.3239 1.4649, 1.9685 4.3239 1.4583, -1.9685 4.2995 1.4175, -1.9685 4.3105 1.4292, -1.9685 4.3187 1.443, -1.9685 4.3239 1.4583, -1.9685 4.2995 1.8896, -1.9685 4.3105 1.8779, -1.9685 4.3187 1.8641, -1.9685 4.3239 1.8488, -2.019 4.3239 1.4649, -2.023 4.3187 1.4502, -2.0266 4.3105 1.4369, -2.0296 4.2995 1.4255, -2.0865 4.2995 1.4491, -2.1354 4.2995 1.4866, -2.1729 4.2995 1.5355, -2.1965 4.2995 1.5925, -2.2045 4.2995 1.6535, -2.1965 4.2995 1.7146, -2.1729 4.2995 1.7716, -2.1354 4.2995 1.8205, -2.0865 4.2995 1.858, -2.0296 4.2995 1.8815, -2.0807 4.3105 1.4593, -2.1271 4.3105 1.4949, -2.1628 4.3105 1.5414, -2.1852 4.3105 1.5955, -2.1928 4.3105 1.6535, -2.1852 4.3105 1.7116, -2.1628 4.3105 1.7657, -2.1271 4.3105 1.8122, -2.0807 4.3105 1.8478, -2.0266 4.3105 1.8702, -2.0738 4.3187 1.4712, -2.1174 4.3187 1.5047, -2.1508 4.3187 1.5483, -2.1718 4.3187 1.5991, -2.179 4.3187 1.6535, -2.1718 4.3187 1.708, -2.1508 4.3187 1.7588, -2.1174 4.3187 1.8024, -2.0738 4.3187 1.8359, -2.023 4.3187 1.8569, -2.0661 4.3239 1.4844, -2.1066 4.3239 1.5155, -2.1376 4.3239 1.5559, -2.1571 4.3239 1.603, -2.1638 4.3239 1.6535, -2.1571 4.3239 1.7041, -2.1376 4.3239 1.7512, -2.1066 4.3239 1.7916, -2.0661 4.3239 1.8226, -2.019 4.3239 1.8422, 1.9685 4.2995 3.8581, -1.9685 4.2995 3.8581, 1.9685 4.3105 3.8464, -1.9685 4.3105 3.8464, 1.9685 4.3187 3.8326, -1.9685 4.3187 3.8326, 1.9685 4.3239 3.8173, -1.9685 4.3239 3.8173, 2.019 4.3239 3.8107, 2.023 4.3187 3.8254, 2.0266 4.3105 3.8387, 2.0296 4.2995 3.8501, 2.0865 4.2995 3.8265, 2.1354 4.2995 3.789, 2.1729 4.2995 3.7401, 2.1965 4.2995 3.6831, 2.2045 4.2995 3.622, 2.1965 4.2995 3.561, 2.1729 4.2995 3.504, 2.1354 4.2995 3.4551, 2.0865 4.2995 3.4176, 2.0296 4.2995 3.394, 1.9685 4.2995 3.386, 2.0807 4.3105 3.8163, 2.1271 4.3105 3.7807, 2.1628 4.3105 3.7342, 2.1852 4.3105 3.6801, 2.1928 4.3105 3.622, 2.1852 4.3105 3.564, 2.1628 4.3105 3.5099, 2.1271 4.3105 3.4634, 2.0807 4.3105 3.4278, 2.0266 4.3105 3.4054, 1.9685 4.3105 3.3977, 2.0738 4.3187 3.8044, 2.1174 4.3187 3.7709, 2.1508 4.3187 3.7273, 2.1718 4.3187 3.6765, 2.179 4.3187 3.622, 2.1718 4.3187 3.5676, 2.1508 4.3187 3.5168, 2.1174 4.3187 3.4732, 2.0738 4.3187 3.4397, 2.023 4.3187 3.4187, 1.9685 4.3187 3.4115, 2.0661 4.3239 3.7911, 2.1066 4.3239 3.7601, 2.1376 4.3239 3.7197, 2.1571 4.3239 3.6726, 2.1638 4.3239 3.622, 2.1571 4.3239 3.5715, 2.1376 4.3239 3.5244, 2.1066 4.3239 3.484, 2.0661 4.3239 3.4529, 2.019 4.3239 3.4334, 1.9685 4.3239 3.4268, -1.9685 4.3239 3.4268, -2.019 4.3239 3.4334, -1.9685 4.3187 3.4115, -2.023 4.3187 3.4187, -1.9685 4.3105 3.3977, -2.0266 4.3105 3.4054, -1.9685 4.2995 3.386, -2.0296 4.2995 3.394, -2.0865 4.2995 3.4176, -2.1354 4.2995 3.4551, -2.1729 4.2995 3.504, -2.1965 4.2995 3.561, -2.2045 4.2995 3.622, -2.1965 4.2995 3.6831, -2.1729 4.2995 3.7401, -2.1354 4.2995 3.789, -2.0865 4.2995 3.8265, -2.0296 4.2995 3.8501, -2.0807 4.3105 3.4278, -2.1271 4.3105 3.4634, -2.1628 4.3105 3.5099, -2.1852 4.3105 3.564, -2.1928 4.3105 3.622, -2.1852 4.3105 3.6801, -2.1628 4.3105 3.7342, -2.1271 4.3105 3.7807, -2.0807 4.3105 3.8163, -2.0266 4.3105 3.8387, -2.0738 4.3187 3.4397, -2.1174 4.3187 3.4732, -2.1508 4.3187 3.5168, -2.1718 4.3187 3.5676, -2.179 4.3187 3.622, -2.1718 4.3187 3.6765, -2.1508 4.3187 3.7273, -2.1174 4.3187 3.7709, -2.0738 4.3187 3.8044, -2.023 4.3187 3.8254, -2.0661 4.3239 3.4529, -2.1066 4.3239 3.484, -2.1376 4.3239 3.5244, -2.1571 4.3239 3.5715, -2.1638 4.3239 3.622, -2.1571 4.3239 3.6726, -2.1376 4.3239 3.7197, -2.1066 4.3239 3.7601, -2.0661 4.3239 3.7911, -2.019 4.3239 3.8107
            ]
        }
        coordIndex [
            0,1,2,-1,2,1,3,-1,4,0,5,-1,5,0,2,-1,6,4,7,-1,7,4,5,-1,8,6,9,-1,9,6,7,-1,10,8,9,-1,11,9,12,-1,12,9,13,-1,11,14,9,-1,9,14,15,-1,9,15,10,-1,16,17,18,-1,18,17,19,-1,18,19,20,-1,20,21,18,-1,18,21,22,-1,18,22,23,-1,24,16,25,-1,25,16,18,-1,26,24,25,-1,27,25,28,-1,28,25,29,-1,27,30,25,-1,25,30,31,-1,25,31,26,-1,32,33,34,-1,34,33,35,-1,34,35,36,-1,36,37,34,-1,34,37,38,-1,34,38,39,-1,1,32,3,-1,3,32,34,-1,24,26,33,-1,1,0,32,-1,32,0,4,-1,4,6,8,-1,33,32,24,-1,24,32,4,-1,24,4,16,-1,16,4,8,-1,16,8,17,-1,17,8,10,-1,9,7,5,-1,39,29,34,-1,34,29,25,-1,18,23,13,-1,13,9,18,-1,18,9,5,-1,18,5,25,-1,25,5,2,-1,25,2,34,-1,34,2,3,-1,29,39,38,-1,29,38,28,-1,28,38,37,-1,28,37,27,-1,27,37,36,-1,27,36,30,-1,30,36,35,-1,30,35,31,-1,31,35,33,-1,31,33,26,-1,13,23,22,-1,13,22,12,-1,12,22,21,-1,12,21,11,-1,11,21,20,-1,11,20,14,-1,14,20,19,-1,14,19,15,-1,15,19,17,-1,15,17,10,-1,40,41,42,-1,42,41,43,-1,2,40,44,-1,44,40,42,-1,3,2,45,-1,45,2,44,-1,46,3,47,-1,47,3,45,-1,48,46,49,-1,49,46,47,-1,48,49,50,-1,50,49,51,-1,50,51,52,-1,52,51,53,-1,52,53,54,-1,54,53,55,-1,54,55,56,-1,56,55,57,-1,56,57,58,-1,58,57,59,-1,58,59,60,-1,60,59,61,-1,60,61,62,-1,62,61,63,-1,62,63,64,-1,64,63,65,-1,64,65,66,-1,66,65,67,-1,66,67,68,-1,68,67,69,-1,68,69,70,-1,70,69,71,-1,70,71,72,-1,72,71,73,-1,74,72,75,-1,75,72,73,-1,41,74,43,-1,43,74,75,-1,50,52,2,-1,2,52,54,-1,62,64,40,-1,40,64,66,-1,50,2,48,-1,48,2,3,-1,48,3,46,-1,66,68,40,-1,40,68,70,-1,40,70,41,-1,41,70,72,-1,41,72,74,-1,54,56,2,-1,2,56,58,-1,2,58,40,-1,40,58,60,-1,40,60,62,-1,43,75,73,-1,67,65,42,-1,44,57,55,-1,67,42,69,-1,43,73,42,-1,42,73,71,-1,42,71,69,-1,55,53,44,-1,44,53,51,-1,44,51,45,-1,45,51,49,-1,45,49,47,-1,65,63,42,-1,42,63,61,-1,42,61,44,-1,44,61,59,-1,44,59,57,-1,76,77,78,-1,78,77,79,-1,77,5,79,-1,79,5,80,-1,5,7,80,-1,80,7,81,-1,7,82,81,-1,81,82,83,-1,82,84,83,-1,83,84,85,-1,86,87,88,-1,88,87,89,-1,88,89,90,-1,90,89,91,-1,90,91,92,-1,92,91,93,-1,92,93,94,-1,94,93,95,-1,94,95,96,-1,96,95,97,-1,96,97,98,-1,98,97,99,-1,98,99,100,-1,100,99,101,-1,100,101,102,-1,102,101,103,-1,102,103,104,-1,104,103,105,-1,104,105,106,-1,106,105,107,-1,106,107,108,-1,108,107,109,-1,108,109,84,-1,84,109,85,-1,86,110,87,-1,87,110,111,-1,110,76,111,-1,111,76,78,-1,88,90,77,-1,77,90,92,-1,77,92,94,-1,5,102,104,-1,88,77,86,-1,86,77,76,-1,86,76,110,-1,94,96,77,-1,77,96,98,-1,77,98,5,-1,5,98,100,-1,5,100,102,-1,104,106,5,-1,5,106,108,-1,5,108,7,-1,7,108,84,-1,7,84,82,-1,81,83,85,-1,97,95,79,-1,79,95,93,-1,107,105,80,-1,81,85,80,-1,80,85,109,-1,80,109,107,-1,93,91,79,-1,79,91,89,-1,79,89,78,-1,78,89,87,-1,78,87,111,-1,105,103,80,-1,80,103,101,-1,80,101,79,-1,79,101,99,-1,79,99,97,-1,112,113,114,-1,114,113,115,-1,114,115,116,-1,117,23,13,-1,118,119,120,-1,120,119,121,-1,120,121,122,-1,123,117,124,-1,124,117,125,-1,123,126,117,-1,117,126,127,-1,117,127,128,-1,129,130,131,-1,116,130,132,-1,127,133,128,-1,128,133,134,-1,128,134,29,-1,135,136,39,-1,136,137,39,-1,39,137,138,-1,39,138,122,-1,122,138,139,-1,122,139,140,-1,140,141,122,-1,122,141,142,-1,122,142,143,-1,29,134,39,-1,39,134,144,-1,39,144,135,-1,132,145,116,-1,116,145,146,-1,116,146,13,-1,13,146,147,-1,13,147,117,-1,117,147,148,-1,117,148,125,-1,149,150,122,-1,150,151,122,-1,122,151,152,-1,122,152,153,-1,153,154,122,-1,122,154,155,-1,122,155,120,-1,120,155,156,-1,157,158,116,-1,116,158,159,-1,116,159,160,-1,160,161,116,-1,116,161,162,-1,116,162,130,-1,130,162,163,-1,130,163,131,-1,143,164,165,-1,165,164,166,-1,165,166,167,-1,167,166,168,-1,167,168,131,-1,131,168,169,-1,131,169,129,-1,165,170,143,-1,143,170,171,-1,143,171,122,-1,122,171,172,-1,122,172,149,-1,156,173,120,-1,120,173,174,-1,120,174,115,-1,115,174,175,-1,115,175,176,-1,176,177,115,-1,115,177,178,-1,115,178,116,-1,116,178,179,-1,116,179,157,-1,114,116,110,-1,110,116,180,-1,112,114,76,-1,76,114,110,-1,113,112,181,-1,181,112,76,-1,115,113,182,-1,182,113,181,-1,120,115,183,-1,183,115,182,-1,118,120,184,-1,184,120,183,-1,119,118,41,-1,41,118,184,-1,121,119,74,-1,74,119,41,-1,122,121,185,-1,185,121,74,-1,39,122,186,-1,186,122,185,-1,29,39,187,-1,187,39,186,-1,128,29,188,-1,188,29,187,-1,117,128,189,-1,189,128,188,-1,23,117,190,-1,190,117,189,-1,13,23,191,-1,191,23,190,-1,116,13,180,-1,180,13,191,-1,110,180,76,-1,76,180,182,-1,76,182,181,-1,180,191,189,-1,189,191,190,-1,180,189,182,-1,182,189,188,-1,182,188,183,-1,183,188,41,-1,183,41,184,-1,187,186,188,-1,188,186,185,-1,188,185,41,-1,41,185,74,-1,192,193,194,-1,194,193,195,-1,196,197,198,-1,198,197,199,-1,198,199,200,-1,200,201,198,-1,198,201,202,-1,198,202,203,-1,203,204,198,-1,198,204,205,-1,198,205,193,-1,193,205,206,-1,193,206,207,-1,192,208,193,-1,193,208,209,-1,193,209,210,-1,210,209,211,-1,210,211,212,-1,196,198,213,-1,213,198,214,-1,213,214,215,-1,207,216,193,-1,193,216,217,-1,193,217,195,-1,218,219,220,-1,221,222,223,-1,223,222,224,-1,223,224,225,-1,221,223,220,-1,220,223,226,-1,220,226,218,-1,227,225,228,-1,227,229,225,-1,225,229,230,-1,225,230,223,-1,231,219,232,-1,233,234,235,-1,231,236,219,-1,219,236,237,-1,219,237,220,-1,238,239,240,-1,240,239,227,-1,240,227,241,-1,241,227,228,-1,232,242,231,-1,231,242,233,-1,231,233,243,-1,243,233,235,-1,244,245,246,-1,246,247,244,-1,244,247,248,-1,244,248,249,-1,248,250,249,-1,249,250,251,-1,249,251,252,-1,251,253,252,-1,252,253,254,-1,252,254,255,-1,254,256,255,-1,255,256,257,-1,255,257,258,-1,257,259,258,-1,258,259,260,-1,258,260,261,-1,261,260,262,-1,261,262,263,-1,262,264,263,-1,263,264,265,-1,263,265,266,-1,265,267,266,-1,266,267,268,-1,266,268,269,-1,268,270,269,-1,269,270,271,-1,269,271,272,-1,271,273,272,-1,272,273,274,-1,272,274,275,-1,274,276,275,-1,275,276,277,-1,275,277,278,-1,279,280,281,-1,281,280,278,-1,281,278,282,-1,282,278,277,-1,280,283,278,-1,278,283,284,-1,278,284,275,-1,275,284,285,-1,275,285,272,-1,272,285,286,-1,272,286,269,-1,269,286,287,-1,269,287,266,-1,266,287,288,-1,266,288,263,-1,263,288,289,-1,263,289,261,-1,261,289,290,-1,261,290,258,-1,258,290,291,-1,258,291,255,-1,255,291,292,-1,255,292,252,-1,252,292,293,-1,252,293,249,-1,249,293,294,-1,249,294,244,-1,244,294,295,-1,244,295,245,-1,245,295,296,-1,283,297,284,-1,284,297,298,-1,284,298,285,-1,285,298,299,-1,285,299,286,-1,286,299,300,-1,286,300,287,-1,287,300,301,-1,287,301,288,-1,288,301,302,-1,288,302,289,-1,289,302,303,-1,289,303,290,-1,290,303,304,-1,290,304,291,-1,291,304,305,-1,291,305,292,-1,292,305,306,-1,292,306,293,-1,293,306,307,-1,293,307,294,-1,294,307,308,-1,294,308,295,-1,295,308,309,-1,295,309,296,-1,296,309,310,-1,297,311,298,-1,298,311,312,-1,298,312,299,-1,299,312,313,-1,299,313,300,-1,300,313,314,-1,300,314,301,-1,301,314,315,-1,301,315,302,-1,302,315,316,-1,302,316,303,-1,303,316,317,-1,303,317,304,-1,304,317,318,-1,304,318,305,-1,305,318,319,-1,305,319,306,-1,306,319,320,-1,306,320,307,-1,307,320,321,-1,307,321,308,-1,308,321,322,-1,308,322,309,-1,309,322,323,-1,309,323,310,-1,310,323,324,-1,311,127,312,-1,312,127,126,-1,312,126,313,-1,313,126,123,-1,313,123,314,-1,314,123,124,-1,314,124,315,-1,315,124,125,-1,315,125,316,-1,316,125,148,-1,316,148,317,-1,317,148,147,-1,317,147,318,-1,318,147,146,-1,318,146,319,-1,319,146,145,-1,319,145,320,-1,320,145,132,-1,320,132,321,-1,321,132,130,-1,321,130,322,-1,322,130,129,-1,322,129,323,-1,323,129,169,-1,323,169,324,-1,324,169,168,-1,168,166,324,-1,324,166,325,-1,324,325,310,-1,310,325,326,-1,310,326,296,-1,296,326,327,-1,296,327,245,-1,245,327,328,-1,245,328,246,-1,246,328,329,-1,133,127,330,-1,330,127,311,-1,330,311,331,-1,331,311,297,-1,331,297,332,-1,332,297,283,-1,332,283,333,-1,333,283,280,-1,333,280,334,-1,334,280,279,-1,335,333,334,-1,334,336,335,-1,335,336,337,-1,335,337,338,-1,337,339,338,-1,338,339,340,-1,338,340,341,-1,340,342,341,-1,341,342,343,-1,341,343,344,-1,343,345,344,-1,344,345,346,-1,344,346,347,-1,346,348,347,-1,347,348,349,-1,347,349,350,-1,349,351,350,-1,350,351,352,-1,350,352,353,-1,353,352,354,-1,353,354,355,-1,354,356,355,-1,355,356,357,-1,355,357,358,-1,357,359,358,-1,358,359,360,-1,358,360,361,-1,360,362,361,-1,361,362,363,-1,361,363,364,-1,363,365,364,-1,364,365,366,-1,364,366,367,-1,329,328,368,-1,368,328,367,-1,368,367,369,-1,369,367,366,-1,328,327,367,-1,367,327,370,-1,367,370,364,-1,364,370,371,-1,364,371,361,-1,361,371,372,-1,361,372,358,-1,358,372,373,-1,358,373,355,-1,355,373,374,-1,355,374,353,-1,353,374,375,-1,353,375,350,-1,350,375,376,-1,350,376,347,-1,347,376,377,-1,347,377,344,-1,344,377,378,-1,344,378,341,-1,341,378,379,-1,341,379,338,-1,338,379,380,-1,338,380,335,-1,335,380,381,-1,335,381,333,-1,333,381,332,-1,327,326,370,-1,370,326,382,-1,370,382,371,-1,371,382,383,-1,371,383,372,-1,372,383,384,-1,372,384,373,-1,373,384,385,-1,373,385,374,-1,374,385,386,-1,374,386,375,-1,375,386,387,-1,375,387,376,-1,376,387,388,-1,376,388,377,-1,377,388,389,-1,377,389,378,-1,378,389,390,-1,378,390,379,-1,379,390,391,-1,379,391,380,-1,380,391,392,-1,380,392,381,-1,381,392,393,-1,381,393,332,-1,332,393,331,-1,326,325,382,-1,382,325,394,-1,382,394,383,-1,383,394,395,-1,383,395,384,-1,384,395,396,-1,384,396,385,-1,385,396,397,-1,385,397,386,-1,386,397,398,-1,386,398,387,-1,387,398,399,-1,387,399,388,-1,388,399,400,-1,388,400,389,-1,389,400,401,-1,389,401,390,-1,390,401,402,-1,390,402,391,-1,391,402,403,-1,391,403,392,-1,392,403,404,-1,392,404,393,-1,393,404,405,-1,393,405,331,-1,331,405,330,-1,325,166,394,-1,394,166,164,-1,394,164,395,-1,395,164,143,-1,395,143,396,-1,396,143,142,-1,396,142,397,-1,397,142,141,-1,397,141,398,-1,398,141,140,-1,398,140,399,-1,399,140,139,-1,399,139,400,-1,400,139,138,-1,400,138,401,-1,401,138,137,-1,401,137,402,-1,402,137,136,-1,402,136,403,-1,403,136,135,-1,403,135,404,-1,404,135,144,-1,404,144,405,-1,405,144,134,-1,405,134,330,-1,330,134,133,-1,406,407,408,-1,408,409,406,-1,406,409,410,-1,406,410,411,-1,410,412,411,-1,411,412,413,-1,411,413,414,-1,413,415,414,-1,414,415,416,-1,414,416,417,-1,416,418,417,-1,417,418,419,-1,417,419,420,-1,419,421,420,-1,420,421,422,-1,420,422,423,-1,422,424,423,-1,423,424,425,-1,423,425,426,-1,426,425,427,-1,426,427,428,-1,427,429,428,-1,428,429,430,-1,428,430,431,-1,430,432,431,-1,431,432,433,-1,431,433,434,-1,433,435,434,-1,434,435,436,-1,434,436,437,-1,436,438,437,-1,437,438,439,-1,437,439,440,-1,441,442,443,-1,443,442,440,-1,443,440,444,-1,444,440,439,-1,442,445,440,-1,440,445,446,-1,440,446,437,-1,437,446,447,-1,437,447,434,-1,434,447,448,-1,434,448,431,-1,431,448,449,-1,431,449,428,-1,428,449,450,-1,428,450,426,-1,426,450,451,-1,426,451,423,-1,423,451,452,-1,423,452,420,-1,420,452,453,-1,420,453,417,-1,417,453,454,-1,417,454,414,-1,414,454,455,-1,414,455,411,-1,411,455,456,-1,411,456,406,-1,406,456,457,-1,406,457,407,-1,407,457,458,-1,445,459,446,-1,446,459,460,-1,446,460,447,-1,447,460,461,-1,447,461,448,-1,448,461,462,-1,448,462,449,-1,449,462,463,-1,449,463,450,-1,450,463,464,-1,450,464,451,-1,451,464,465,-1,451,465,452,-1,452,465,466,-1,452,466,453,-1,453,466,467,-1,453,467,454,-1,454,467,468,-1,454,468,455,-1,455,468,469,-1,455,469,456,-1,456,469,470,-1,456,470,457,-1,457,470,471,-1,457,471,458,-1,458,471,472,-1,459,473,460,-1,460,473,474,-1,460,474,461,-1,461,474,475,-1,461,475,462,-1,462,475,476,-1,462,476,463,-1,463,476,477,-1,463,477,464,-1,464,477,478,-1,464,478,465,-1,465,478,479,-1,465,479,466,-1,466,479,480,-1,466,480,467,-1,467,480,481,-1,467,481,468,-1,468,481,482,-1,468,482,469,-1,469,482,483,-1,469,483,470,-1,470,483,484,-1,470,484,471,-1,471,484,485,-1,471,485,472,-1,472,485,486,-1,473,167,474,-1,474,167,131,-1,474,131,475,-1,475,131,163,-1,475,163,476,-1,476,163,162,-1,476,162,477,-1,477,162,161,-1,477,161,478,-1,478,161,160,-1,478,160,479,-1,479,160,159,-1,479,159,480,-1,480,159,158,-1,480,158,481,-1,481,158,157,-1,481,157,482,-1,482,157,179,-1,482,179,483,-1,483,179,178,-1,483,178,484,-1,484,178,177,-1,484,177,485,-1,485,177,176,-1,485,176,486,-1,486,176,175,-1,175,174,486,-1,486,174,487,-1,486,487,472,-1,472,487,488,-1,472,488,458,-1,458,488,489,-1,458,489,407,-1,407,489,490,-1,407,490,408,-1,408,490,491,-1,165,167,492,-1,492,167,473,-1,492,473,493,-1,493,473,459,-1,493,459,494,-1,494,459,445,-1,494,445,495,-1,495,445,442,-1,495,442,496,-1,496,442,441,-1,497,495,496,-1,496,498,497,-1,497,498,499,-1,497,499,500,-1,499,501,500,-1,500,501,502,-1,500,502,503,-1,502,504,503,-1,503,504,505,-1,503,505,506,-1,505,507,506,-1,506,507,508,-1,506,508,509,-1,508,510,509,-1,509,510,511,-1,509,511,512,-1,511,513,512,-1,512,513,514,-1,512,514,515,-1,515,514,516,-1,515,516,517,-1,516,518,517,-1,517,518,519,-1,517,519,520,-1,519,521,520,-1,520,521,522,-1,520,522,523,-1,522,524,523,-1,523,524,525,-1,523,525,526,-1,525,527,526,-1,526,527,528,-1,526,528,529,-1,491,490,530,-1,530,490,529,-1,530,529,531,-1,531,529,528,-1,490,489,529,-1,529,489,532,-1,529,532,526,-1,526,532,533,-1,526,533,523,-1,523,533,534,-1,523,534,520,-1,520,534,535,-1,520,535,517,-1,517,535,536,-1,517,536,515,-1,515,536,537,-1,515,537,512,-1,512,537,538,-1,512,538,509,-1,509,538,539,-1,509,539,506,-1,506,539,540,-1,506,540,503,-1,503,540,541,-1,503,541,500,-1,500,541,542,-1,500,542,497,-1,497,542,543,-1,497,543,495,-1,495,543,494,-1,489,488,532,-1,532,488,544,-1,532,544,533,-1,533,544,545,-1,533,545,534,-1,534,545,546,-1,534,546,535,-1,535,546,547,-1,535,547,536,-1,536,547,548,-1,536,548,537,-1,537,548,549,-1,537,549,538,-1,538,549,550,-1,538,550,539,-1,539,550,551,-1,539,551,540,-1,540,551,552,-1,540,552,541,-1,541,552,553,-1,541,553,542,-1,542,553,554,-1,542,554,543,-1,543,554,555,-1,543,555,494,-1,494,555,493,-1,488,487,544,-1,544,487,556,-1,544,556,545,-1,545,556,557,-1,545,557,546,-1,546,557,558,-1,546,558,547,-1,547,558,559,-1,547,559,548,-1,548,559,560,-1,548,560,549,-1,549,560,561,-1,549,561,550,-1,550,561,562,-1,550,562,551,-1,551,562,563,-1,551,563,552,-1,552,563,564,-1,552,564,553,-1,553,564,565,-1,553,565,554,-1,554,565,566,-1,554,566,555,-1,555,566,567,-1,555,567,493,-1,493,567,492,-1,487,174,556,-1,556,174,173,-1,556,173,557,-1,557,173,156,-1,557,156,558,-1,558,156,155,-1,558,155,559,-1,559,155,154,-1,559,154,560,-1,560,154,153,-1,560,153,561,-1,561,153,152,-1,561,152,562,-1,562,152,151,-1,562,151,563,-1,563,151,150,-1,563,150,564,-1,564,150,149,-1,564,149,565,-1,565,149,172,-1,565,172,566,-1,566,172,171,-1,566,171,567,-1,567,171,170,-1,567,170,492,-1,492,170,165,-1,206,568,569,-1,568,570,571,-1,570,572,573,-1,441,443,574,-1,574,443,575,-1,574,575,572,-1,443,444,575,-1,575,444,439,-1,575,439,576,-1,576,439,438,-1,576,438,577,-1,438,436,577,-1,577,436,435,-1,577,435,578,-1,435,433,578,-1,578,433,432,-1,578,432,579,-1,432,430,579,-1,579,430,429,-1,579,429,580,-1,580,429,427,-1,427,425,580,-1,580,425,424,-1,580,424,581,-1,424,422,581,-1,581,422,421,-1,581,421,582,-1,421,419,582,-1,582,419,418,-1,582,418,583,-1,418,416,583,-1,583,416,415,-1,583,415,584,-1,415,413,584,-1,584,413,412,-1,584,412,585,-1,408,586,409,-1,409,586,585,-1,409,585,410,-1,410,585,412,-1,572,575,573,-1,573,575,576,-1,573,576,587,-1,587,576,577,-1,587,577,588,-1,588,577,578,-1,588,578,589,-1,589,578,579,-1,589,579,590,-1,590,579,580,-1,590,580,591,-1,591,580,581,-1,591,581,592,-1,592,581,582,-1,592,582,593,-1,593,582,583,-1,593,583,594,-1,594,583,584,-1,594,584,595,-1,595,584,585,-1,595,585,596,-1,596,585,586,-1,596,586,597,-1,570,573,571,-1,571,573,587,-1,571,587,598,-1,598,587,588,-1,598,588,599,-1,599,588,589,-1,599,589,600,-1,600,589,590,-1,600,590,601,-1,601,590,591,-1,601,591,602,-1,602,591,592,-1,602,592,603,-1,603,592,593,-1,603,593,604,-1,604,593,594,-1,604,594,605,-1,605,594,595,-1,605,595,606,-1,606,595,596,-1,606,596,607,-1,607,596,597,-1,607,597,608,-1,568,571,569,-1,569,571,598,-1,569,598,609,-1,609,598,599,-1,609,599,610,-1,610,599,600,-1,610,600,611,-1,611,600,601,-1,611,601,612,-1,612,601,602,-1,612,602,613,-1,613,602,603,-1,613,603,614,-1,614,603,604,-1,614,604,615,-1,615,604,605,-1,615,605,616,-1,616,605,606,-1,616,606,617,-1,617,606,607,-1,617,607,618,-1,618,607,608,-1,618,608,619,-1,206,569,207,-1,207,569,609,-1,207,609,216,-1,216,609,610,-1,216,610,217,-1,217,610,611,-1,217,611,195,-1,195,611,612,-1,195,612,194,-1,194,612,613,-1,194,613,192,-1,192,613,614,-1,192,614,208,-1,208,614,615,-1,208,615,209,-1,209,615,616,-1,209,616,211,-1,211,616,617,-1,211,617,212,-1,212,617,618,-1,212,618,210,-1,210,618,619,-1,210,619,193,-1,408,491,620,-1,408,620,586,-1,586,620,621,-1,586,621,597,-1,597,621,622,-1,597,622,608,-1,608,622,623,-1,608,623,619,-1,619,623,198,-1,619,198,193,-1,496,441,574,-1,496,574,624,-1,624,574,572,-1,624,572,625,-1,625,572,570,-1,625,570,626,-1,626,570,568,-1,626,568,627,-1,627,568,206,-1,627,206,205,-1,198,623,628,-1,623,622,629,-1,622,621,630,-1,491,530,620,-1,620,530,631,-1,620,631,621,-1,530,531,631,-1,631,531,528,-1,631,528,632,-1,632,528,527,-1,632,527,633,-1,527,525,633,-1,633,525,524,-1,633,524,634,-1,524,522,634,-1,634,522,521,-1,634,521,635,-1,521,519,635,-1,635,519,518,-1,635,518,636,-1,636,518,516,-1,516,514,636,-1,636,514,513,-1,636,513,637,-1,513,511,637,-1,637,511,510,-1,637,510,638,-1,510,508,638,-1,638,508,507,-1,638,507,639,-1,507,505,639,-1,639,505,504,-1,639,504,640,-1,504,502,640,-1,640,502,501,-1,640,501,641,-1,496,624,498,-1,498,624,641,-1,498,641,499,-1,499,641,501,-1,621,631,630,-1,630,631,632,-1,630,632,642,-1,642,632,633,-1,642,633,643,-1,643,633,634,-1,643,634,644,-1,644,634,635,-1,644,635,645,-1,645,635,636,-1,645,636,646,-1,646,636,637,-1,646,637,647,-1,647,637,638,-1,647,638,648,-1,648,638,639,-1,648,639,649,-1,649,639,640,-1,649,640,650,-1,650,640,641,-1,650,641,651,-1,651,641,624,-1,651,624,625,-1,622,630,629,-1,629,630,642,-1,629,642,652,-1,652,642,643,-1,652,643,653,-1,653,643,644,-1,653,644,654,-1,654,644,645,-1,654,645,655,-1,655,645,646,-1,655,646,656,-1,656,646,647,-1,656,647,657,-1,657,647,648,-1,657,648,658,-1,658,648,649,-1,658,649,659,-1,659,649,650,-1,659,650,660,-1,660,650,651,-1,660,651,661,-1,661,651,625,-1,661,625,626,-1,623,629,628,-1,628,629,652,-1,628,652,662,-1,662,652,653,-1,662,653,663,-1,663,653,654,-1,663,654,664,-1,664,654,655,-1,664,655,665,-1,665,655,656,-1,665,656,666,-1,666,656,657,-1,666,657,667,-1,667,657,658,-1,667,658,668,-1,668,658,659,-1,668,659,669,-1,669,659,660,-1,669,660,670,-1,670,660,661,-1,670,661,671,-1,671,661,626,-1,671,626,627,-1,198,628,214,-1,214,628,662,-1,214,662,215,-1,215,662,663,-1,215,663,213,-1,213,663,664,-1,213,664,196,-1,196,664,665,-1,196,665,197,-1,197,665,666,-1,197,666,199,-1,199,666,667,-1,199,667,200,-1,200,667,668,-1,200,668,201,-1,201,668,669,-1,201,669,202,-1,202,669,670,-1,202,670,203,-1,203,670,671,-1,203,671,204,-1,204,671,627,-1,204,627,205,-1,334,279,672,-1,334,672,673,-1,673,672,674,-1,673,674,675,-1,675,674,676,-1,675,676,677,-1,677,676,678,-1,677,678,679,-1,679,678,221,-1,679,221,220,-1,221,678,680,-1,678,676,681,-1,676,674,682,-1,279,281,672,-1,672,281,683,-1,672,683,674,-1,281,282,683,-1,683,282,277,-1,683,277,684,-1,684,277,276,-1,684,276,685,-1,276,274,685,-1,685,274,273,-1,685,273,686,-1,273,271,686,-1,686,271,270,-1,686,270,687,-1,270,268,687,-1,687,268,267,-1,687,267,688,-1,688,267,265,-1,265,264,688,-1,688,264,262,-1,688,262,689,-1,262,260,689,-1,689,260,259,-1,689,259,690,-1,259,257,690,-1,690,257,256,-1,690,256,691,-1,256,254,691,-1,691,254,253,-1,691,253,692,-1,253,251,692,-1,692,251,250,-1,692,250,693,-1,246,694,247,-1,247,694,693,-1,247,693,248,-1,248,693,250,-1,674,683,682,-1,682,683,684,-1,682,684,695,-1,695,684,685,-1,695,685,696,-1,696,685,686,-1,696,686,697,-1,697,686,687,-1,697,687,698,-1,698,687,688,-1,698,688,699,-1,699,688,689,-1,699,689,700,-1,700,689,690,-1,700,690,701,-1,701,690,691,-1,701,691,702,-1,702,691,692,-1,702,692,703,-1,703,692,693,-1,703,693,704,-1,704,693,694,-1,704,694,705,-1,676,682,681,-1,681,682,695,-1,681,695,706,-1,706,695,696,-1,706,696,707,-1,707,696,697,-1,707,697,708,-1,708,697,698,-1,708,698,709,-1,709,698,699,-1,709,699,710,-1,710,699,700,-1,710,700,711,-1,711,700,701,-1,711,701,712,-1,712,701,702,-1,712,702,713,-1,713,702,703,-1,713,703,714,-1,714,703,704,-1,714,704,715,-1,715,704,705,-1,715,705,716,-1,678,681,680,-1,680,681,706,-1,680,706,717,-1,717,706,707,-1,717,707,718,-1,718,707,708,-1,718,708,719,-1,719,708,709,-1,719,709,720,-1,720,709,710,-1,720,710,721,-1,721,710,711,-1,721,711,722,-1,722,711,712,-1,722,712,723,-1,723,712,713,-1,723,713,724,-1,724,713,714,-1,724,714,725,-1,725,714,715,-1,725,715,726,-1,726,715,716,-1,726,716,727,-1,221,680,222,-1,222,680,717,-1,222,717,224,-1,224,717,718,-1,224,718,225,-1,225,718,719,-1,225,719,228,-1,228,719,720,-1,228,720,241,-1,241,720,721,-1,241,721,240,-1,240,721,722,-1,240,722,238,-1,238,722,723,-1,238,723,239,-1,239,723,724,-1,239,724,227,-1,227,724,725,-1,227,725,229,-1,229,725,726,-1,229,726,230,-1,230,726,727,-1,230,727,223,-1,226,728,729,-1,728,730,731,-1,730,732,733,-1,329,368,734,-1,734,368,735,-1,734,735,732,-1,368,369,735,-1,735,369,366,-1,735,366,736,-1,736,366,365,-1,736,365,737,-1,365,363,737,-1,737,363,362,-1,737,362,738,-1,362,360,738,-1,738,360,359,-1,738,359,739,-1,359,357,739,-1,739,357,356,-1,739,356,740,-1,740,356,354,-1,354,352,740,-1,740,352,351,-1,740,351,741,-1,351,349,741,-1,741,349,348,-1,741,348,742,-1,348,346,742,-1,742,346,345,-1,742,345,743,-1,345,343,743,-1,743,343,342,-1,743,342,744,-1,342,340,744,-1,744,340,339,-1,744,339,745,-1,334,673,336,-1,336,673,745,-1,336,745,337,-1,337,745,339,-1,732,735,733,-1,733,735,736,-1,733,736,746,-1,746,736,737,-1,746,737,747,-1,747,737,738,-1,747,738,748,-1,748,738,739,-1,748,739,749,-1,749,739,740,-1,749,740,750,-1,750,740,741,-1,750,741,751,-1,751,741,742,-1,751,742,752,-1,752,742,743,-1,752,743,753,-1,753,743,744,-1,753,744,754,-1,754,744,745,-1,754,745,755,-1,755,745,673,-1,755,673,675,-1,730,733,731,-1,731,733,746,-1,731,746,756,-1,756,746,747,-1,756,747,757,-1,757,747,748,-1,757,748,758,-1,758,748,749,-1,758,749,759,-1,759,749,750,-1,759,750,760,-1,760,750,751,-1,760,751,761,-1,761,751,752,-1,761,752,762,-1,762,752,753,-1,762,753,763,-1,763,753,754,-1,763,754,764,-1,764,754,755,-1,764,755,765,-1,765,755,675,-1,765,675,677,-1,728,731,729,-1,729,731,756,-1,729,756,766,-1,766,756,757,-1,766,757,767,-1,767,757,758,-1,767,758,768,-1,768,758,759,-1,768,759,769,-1,769,759,760,-1,769,760,770,-1,770,760,761,-1,770,761,771,-1,771,761,762,-1,771,762,772,-1,772,762,763,-1,772,763,773,-1,773,763,764,-1,773,764,774,-1,774,764,765,-1,774,765,775,-1,775,765,677,-1,775,677,679,-1,226,729,218,-1,218,729,766,-1,218,766,219,-1,219,766,767,-1,219,767,232,-1,232,767,768,-1,232,768,242,-1,242,768,769,-1,242,769,233,-1,233,769,770,-1,233,770,234,-1,234,770,771,-1,234,771,235,-1,235,771,772,-1,235,772,243,-1,243,772,773,-1,243,773,231,-1,231,773,774,-1,231,774,236,-1,236,774,775,-1,236,775,237,-1,237,775,679,-1,237,679,220,-1,246,329,734,-1,246,734,694,-1,694,734,732,-1,694,732,705,-1,705,732,730,-1,705,730,716,-1,716,730,728,-1,716,728,727,-1,727,728,226,-1,727,226,223,-1,
        ]
    }
}
Shape{
    appearance Appearance {
        material  Material 	{
            diffuseColor 0.20784313725490197 0.20784313725490197 0.20784313725490197
            specularColor 0.01568627450980392 0.01568627450980392 0.01568627450980392
            ambientIntensity 0.298
            transparency 0.0
            shininess 0.5
        }
    }
    geometry IndexedFaceSet {
        ccw TRUE
        solid FALSE
        coord DEF co Coordinate {
            point [
                2.8821 -0.0642 -0.9055, 2.8821 -0.0642 -0.5118, 2.8709 -0.1201 -0.9055, 2.8684 -0.1298 -0.5118, 2.8679 -0.1297 -0.9055, 2.851 -0.185 -0.9055, 2.8478 -0.1937 -0.5118, 2.8474 -0.1935 -0.9055, 2.8244 -0.2475 -0.9055, 2.8206 -0.255 -0.5118, 2.8203 -0.2548 -0.9055, 2.7913 -0.3068 -0.9055, 2.7872 -0.3132 -0.5118, 2.7869 -0.313 -0.9055, 2.7521 -0.3622 -0.9055, 2.7479 -0.3675 -0.5118, 2.7476 -0.3673 -0.9055, 2.7073 -0.4132 -0.9055, 2.703 -0.4175 -0.5118, 2.7028 -0.4173 -0.9055, 2.6573 -0.4591 -0.9055, 2.6532 -0.4624 -0.5118, 2.6531 -0.4622 -0.9055, 2.6027 -0.4995 -0.9055, 2.599 -0.5019 -0.5118, 2.5989 -0.5017 -0.9055, 2.5442 -0.5339 -0.9055, 2.5409 -0.5355 -0.5118, 2.5409 -0.5354 -0.9055, 2.4823 -0.5618 -0.9055, 2.4797 -0.5629 -0.5118, 2.4796 -0.5627 -0.9055, 2.4178 -0.5831 -0.9055, 2.4159 -0.5836 -0.5118, 2.4159 -0.5835 -0.9055, 2.2835 -0.6046 -0.9055, 2.2839 -0.6046 -0.9055, 2.3503 -0.5976 -0.5118, 2.3503 -0.5975 -0.9055, 2.3515 -0.5974 -0.9055, 2.2835 -0.6046 -0.5118, 2.2165 -0.6046 -0.5118, 2.2165 -0.6046 -0.9055, 2.2161 -0.6046 -0.9055, 2.1497 -0.5976 -0.5118, 2.1497 -0.5975 -0.9055, 2.1485 -0.5974 -0.9055, 2.0841 -0.5836 -0.5118, 2.0841 -0.5835 -0.9055, 2.0822 -0.5831 -0.9055, 2.0203 -0.5629 -0.5118, 2.0204 -0.5627 -0.9055, 2.0177 -0.5618 -0.9055, 1.9591 -0.5355 -0.5118, 1.9591 -0.5354 -0.9055, 1.9558 -0.5339 -0.9055, 1.901 -0.5019 -0.5118, 1.9011 -0.5017 -0.9055, 1.8973 -0.4995 -0.9055, 1.8468 -0.4624 -0.5118, 1.8469 -0.4622 -0.9055, 1.8427 -0.4591 -0.9055, 1.797 -0.4175 -0.5118, 1.7972 -0.4173 -0.9055, 1.7927 -0.4132 -0.9055, 1.7521 -0.3675 -0.5118, 1.7524 -0.3673 -0.9055, 1.7479 -0.3622 -0.9055, 1.7128 -0.3132 -0.5118, 1.7131 -0.313 -0.9055, 1.7087 -0.3068 -0.9055, 1.6794 -0.255 -0.5118, 1.6797 -0.2548 -0.9055, 1.6756 -0.2475 -0.9055, 1.6522 -0.1937 -0.5118, 1.6526 -0.1935 -0.9055, 1.649 -0.185 -0.9055, 1.6316 -0.1298 -0.5118, 1.6321 -0.1297 -0.9055, 1.6291 -0.1201 -0.9055, 1.6179 -0.0642 -0.5118, 1.6179 -0.0642 -0.9055, 1.6905 -0.0642 -1.1024, 2.8095 -0.0642 -1.1024, 1.6987 -0.1028 -1.1024, 2.8013 -0.1028 -1.1024, 1.7693 -0.2686 -1.1024, 1.7399 -0.2159 -1.1024, 2.6561 -0.3631 -1.1024, 2.7837 -0.1605 -1.1024, 2.7601 -0.2159 -1.1024, 2.7307 -0.2686 -1.1024, 1.7163 -0.1605 -1.1024, 2.6959 -0.3178 -1.1024, 1.8041 -0.3178 -1.1024, 2.6117 -0.4039 -1.1024, 2.5632 -0.4397 -1.1024, 2.5112 -0.4702 -1.1024, 2.4563 -0.4951 -1.1024, 2.399 -0.514 -1.1024, 2.3401 -0.5267 -1.1024, 2.2801 -0.5331 -1.1024, 2.2199 -0.5331 -1.1024, 2.1599 -0.5267 -1.1024, 2.101 -0.514 -1.1024, 2.0437 -0.4951 -1.1024, 1.9888 -0.4702 -1.1024, 1.9368 -0.4397 -1.1024, 1.8439 -0.3631 -1.1024, 1.8883 -0.4039 -1.1024, 1.6179 0.1327 -0.5118, 2.8821 0.1327 -0.5118, 2.8684 0.1983 -0.5118, 2.8478 0.2622 -0.5118, 2.8206 0.3235 -0.5118, 1.6316 0.1983 -0.5118, 1.901 0.5704 -0.5118, 1.8468 0.5309 -0.5118, 1.7128 0.3817 -0.5118, 1.6794 0.3235 -0.5118, 1.6522 0.2622 -0.5118, 2.703 0.486 -0.5118, 2.0203 0.6314 -0.5118, 2.7479 0.436 -0.5118, 2.7872 0.3817 -0.5118, 1.9591 0.604 -0.5118, 2.6532 0.5309 -0.5118, 2.599 0.5704 -0.5118, 2.5409 0.604 -0.5118, 2.4797 0.6314 -0.5118, 2.4159 0.6521 -0.5118, 2.3503 0.6661 -0.5118, 1.797 0.486 -0.5118, 1.7521 0.436 -0.5118, 2.2835 0.6731 -0.5118, 2.2165 0.6731 -0.5118, 2.0841 0.6521 -0.5118, 2.1497 0.6661 -0.5118, 1.6987 0.1713 -1.1024, 1.6905 0.1327 -1.1024, 1.6179 0.1327 -0.9055, 1.6291 0.1886 -0.9055, 1.6321 0.1982 -0.9055, 1.7163 0.229 -1.1024, 1.649 0.2535 -0.9055, 1.6526 0.262 -0.9055, 1.7399 0.2844 -1.1024, 1.6756 0.316 -0.9055, 1.6797 0.3233 -0.9055, 1.7693 0.3371 -1.1024, 1.7087 0.3752 -0.9055, 1.7131 0.3815 -0.9055, 1.8041 0.3863 -1.1024, 1.7479 0.4307 -0.9055, 1.7524 0.4358 -0.9055, 1.8439 0.4316 -1.1024, 1.7927 0.4817 -0.9055, 1.7972 0.4858 -0.9055, 1.8883 0.4724 -1.1024, 1.8427 0.5276 -0.9055, 1.8469 0.5307 -0.9055, 1.9368 0.5082 -1.1024, 1.8973 0.568 -0.9055, 1.9011 0.5702 -0.9055, 1.9888 0.5387 -1.1024, 1.9558 0.6024 -0.9055, 1.9591 0.6039 -0.9055, 2.0437 0.5636 -1.1024, 2.0177 0.6303 -0.9055, 2.0204 0.6312 -0.9055, 2.101 0.5825 -1.1024, 2.0822 0.6516 -0.9055, 2.0841 0.652 -0.9055, 2.1599 0.5952 -1.1024, 2.1485 0.6659 -0.9055, 2.1497 0.666 -0.9055, 2.2199 0.6016 -1.1024, 2.2161 0.6731 -0.9055, 2.2801 0.6016 -1.1024, 2.2165 0.6731 -0.9055, 2.2835 0.6731 -0.9055, 2.2839 0.6731 -0.9055, 2.3503 0.666 -0.9055, 2.3401 0.5952 -1.1024, 2.3515 0.6659 -0.9055, 2.4159 0.652 -0.9055, 2.399 0.5825 -1.1024, 2.4178 0.6516 -0.9055, 2.4796 0.6312 -0.9055, 2.4563 0.5636 -1.1024, 2.4823 0.6303 -0.9055, 2.5409 0.6039 -0.9055, 2.5112 0.5387 -1.1024, 2.5442 0.6024 -0.9055, 2.5989 0.5702 -0.9055, 2.5632 0.5082 -1.1024, 2.6027 0.568 -0.9055, 2.6531 0.5307 -0.9055, 2.6117 0.4724 -1.1024, 2.6573 0.5276 -0.9055, 2.7028 0.4858 -0.9055, 2.6561 0.4316 -1.1024, 2.7073 0.4817 -0.9055, 2.7476 0.4358 -0.9055, 2.6959 0.3863 -1.1024, 2.7521 0.4307 -0.9055, 2.7869 0.3815 -0.9055, 2.7307 0.3371 -1.1024, 2.7913 0.3752 -0.9055, 2.8203 0.3233 -0.9055, 2.7601 0.2844 -1.1024, 2.8244 0.316 -0.9055, 2.8474 0.262 -0.9055, 2.7837 0.229 -1.1024, 2.8821 0.1327 -0.9055, 2.8095 0.1327 -1.1024, 2.8709 0.1886 -0.9055, 2.8013 0.1713 -1.1024, 2.8679 0.1982 -0.9055, 2.851 0.2535 -0.9055, -1.6179 -0.0642 -0.9055, -1.6179 -0.0642 -0.5118, -1.6291 -0.1201 -0.9055, -1.6316 -0.1298 -0.5118, -1.6321 -0.1297 -0.9055, -1.649 -0.185 -0.9055, -1.6522 -0.1937 -0.5118, -1.6526 -0.1935 -0.9055, -1.6756 -0.2475 -0.9055, -1.6794 -0.255 -0.5118, -1.6797 -0.2548 -0.9055, -1.7087 -0.3068 -0.9055, -1.7128 -0.3132 -0.5118, -1.7131 -0.313 -0.9055, -1.7479 -0.3622 -0.9055, -1.7521 -0.3675 -0.5118, -1.7524 -0.3673 -0.9055, -1.7927 -0.4132 -0.9055, -1.797 -0.4175 -0.5118, -1.7972 -0.4173 -0.9055, -1.8427 -0.4591 -0.9055, -1.8468 -0.4624 -0.5118, -1.8469 -0.4622 -0.9055, -1.8973 -0.4995 -0.9055, -1.901 -0.5019 -0.5118, -1.9011 -0.5017 -0.9055, -1.9558 -0.5339 -0.9055, -1.9591 -0.5355 -0.5118, -1.9591 -0.5354 -0.9055, -2.0177 -0.5618 -0.9055, -2.0203 -0.5629 -0.5118, -2.0204 -0.5627 -0.9055, -2.0822 -0.5831 -0.9055, -2.0841 -0.5836 -0.5118, -2.0841 -0.5835 -0.9055, -2.2165 -0.6046 -0.9055, -2.2161 -0.6046 -0.9055, -2.1497 -0.5976 -0.5118, -2.1497 -0.5975 -0.9055, -2.1485 -0.5974 -0.9055, -2.2165 -0.6046 -0.5118, -2.2835 -0.6046 -0.5118, -2.2835 -0.6046 -0.9055, -2.2839 -0.6046 -0.9055, -2.3503 -0.5976 -0.5118, -2.3503 -0.5975 -0.9055, -2.3515 -0.5974 -0.9055, -2.4159 -0.5836 -0.5118, -2.4159 -0.5835 -0.9055, -2.4178 -0.5831 -0.9055, -2.4797 -0.5629 -0.5118, -2.4796 -0.5627 -0.9055, -2.4823 -0.5618 -0.9055, -2.5409 -0.5355 -0.5118, -2.5409 -0.5354 -0.9055, -2.5442 -0.5339 -0.9055, -2.599 -0.5019 -0.5118, -2.5989 -0.5017 -0.9055, -2.6027 -0.4995 -0.9055, -2.6532 -0.4624 -0.5118, -2.6531 -0.4622 -0.9055, -2.6573 -0.4591 -0.9055, -2.703 -0.4175 -0.5118, -2.7028 -0.4173 -0.9055, -2.7073 -0.4132 -0.9055, -2.7479 -0.3675 -0.5118, -2.7476 -0.3673 -0.9055, -2.7521 -0.3622 -0.9055, -2.7872 -0.3132 -0.5118, -2.7869 -0.313 -0.9055, -2.7913 -0.3068 -0.9055, -2.8206 -0.255 -0.5118, -2.8203 -0.2548 -0.9055, -2.8244 -0.2475 -0.9055, -2.8478 -0.1937 -0.5118, -2.8474 -0.1935 -0.9055, -2.851 -0.185 -0.9055, -2.8684 -0.1298 -0.5118, -2.8679 -0.1297 -0.9055, -2.8709 -0.1201 -0.9055, -2.8821 -0.0642 -0.5118, -2.8821 -0.0642 -0.9055, -2.8095 -0.0642 -1.1024, -1.6905 -0.0642 -1.1024, -2.8013 -0.1028 -1.1024, -1.6987 -0.1028 -1.1024, -2.7307 -0.2686 -1.1024, -2.7601 -0.2159 -1.1024, -1.8439 -0.3631 -1.1024, -1.7163 -0.1605 -1.1024, -1.7399 -0.2159 -1.1024, -1.7693 -0.2686 -1.1024, -2.7837 -0.1605 -1.1024, -1.8041 -0.3178 -1.1024, -2.6959 -0.3178 -1.1024, -1.8883 -0.4039 -1.1024, -1.9368 -0.4397 -1.1024, -1.9888 -0.4702 -1.1024, -2.0437 -0.4951 -1.1024, -2.101 -0.514 -1.1024, -2.1599 -0.5267 -1.1024, -2.2199 -0.5331 -1.1024, -2.2801 -0.5331 -1.1024, -2.3401 -0.5267 -1.1024, -2.399 -0.514 -1.1024, -2.4563 -0.4951 -1.1024, -2.5112 -0.4702 -1.1024, -2.5632 -0.4397 -1.1024, -2.6561 -0.3631 -1.1024, -2.6117 -0.4039 -1.1024, -2.8821 0.1327 -0.5118, -1.6179 0.1327 -0.5118, -1.6316 0.1983 -0.5118, -1.6522 0.2622 -0.5118, -1.6794 0.3235 -0.5118, -2.8684 0.1983 -0.5118, -2.599 0.5704 -0.5118, -2.6532 0.5309 -0.5118, -2.7872 0.3817 -0.5118, -2.8206 0.3235 -0.5118, -2.8478 0.2622 -0.5118, -1.797 0.486 -0.5118, -2.4797 0.6314 -0.5118, -1.7521 0.436 -0.5118, -1.7128 0.3817 -0.5118, -2.5409 0.604 -0.5118, -1.8468 0.5309 -0.5118, -1.901 0.5704 -0.5118, -1.9591 0.604 -0.5118, -2.0203 0.6314 -0.5118, -2.0841 0.6521 -0.5118, -2.1497 0.6661 -0.5118, -2.703 0.486 -0.5118, -2.7479 0.436 -0.5118, -2.2165 0.6731 -0.5118, -2.2835 0.6731 -0.5118, -2.4159 0.6521 -0.5118, -2.3503 0.6661 -0.5118, -2.8013 0.1713 -1.1024, -2.8095 0.1327 -1.1024, -2.8821 0.1327 -0.9055, -2.8709 0.1886 -0.9055, -2.8679 0.1982 -0.9055, -2.7837 0.229 -1.1024, -2.851 0.2535 -0.9055, -2.8474 0.262 -0.9055, -2.7601 0.2844 -1.1024, -2.8244 0.316 -0.9055, -2.8203 0.3233 -0.9055, -2.7307 0.3371 -1.1024, -2.7913 0.3752 -0.9055, -2.7869 0.3815 -0.9055, -2.6959 0.3863 -1.1024, -2.7521 0.4307 -0.9055, -2.7476 0.4358 -0.9055, -2.6561 0.4316 -1.1024, -2.7073 0.4817 -0.9055, -2.7028 0.4858 -0.9055, -2.6117 0.4724 -1.1024, -2.6573 0.5276 -0.9055, -2.6531 0.5307 -0.9055, -2.5632 0.5082 -1.1024, -2.6027 0.568 -0.9055, -2.5989 0.5702 -0.9055, -2.5112 0.5387 -1.1024, -2.5442 0.6024 -0.9055, -2.5409 0.6039 -0.9055, -2.4563 0.5636 -1.1024, -2.4823 0.6303 -0.9055, -2.4796 0.6312 -0.9055, -2.399 0.5825 -1.1024, -2.4178 0.6516 -0.9055, -2.4159 0.652 -0.9055, -2.3401 0.5952 -1.1024, -2.3515 0.6659 -0.9055, -2.3503 0.666 -0.9055, -2.2801 0.6016 -1.1024, -2.2839 0.6731 -0.9055, -2.2199 0.6016 -1.1024, -2.2835 0.6731 -0.9055, -2.2165 0.6731 -0.9055, -2.2161 0.6731 -0.9055, -2.1497 0.666 -0.9055, -2.1599 0.5952 -1.1024, -2.1485 0.6659 -0.9055, -2.0841 0.652 -0.9055, -2.101 0.5825 -1.1024, -2.0822 0.6516 -0.9055, -2.0204 0.6312 -0.9055, -2.0437 0.5636 -1.1024, -2.0177 0.6303 -0.9055, -1.9591 0.6039 -0.9055, -1.9888 0.5387 -1.1024, -1.9558 0.6024 -0.9055, -1.9011 0.5702 -0.9055, -1.9368 0.5082 -1.1024, -1.8973 0.568 -0.9055, -1.8469 0.5307 -0.9055, -1.8883 0.4724 -1.1024, -1.8427 0.5276 -0.9055, -1.7972 0.4858 -0.9055, -1.8439 0.4316 -1.1024, -1.7927 0.4817 -0.9055, -1.7524 0.4358 -0.9055, -1.8041 0.3863 -1.1024, -1.7479 0.4307 -0.9055, -1.7131 0.3815 -0.9055, -1.7693 0.3371 -1.1024, -1.7087 0.3752 -0.9055, -1.6797 0.3233 -0.9055, -1.7399 0.2844 -1.1024, -1.6756 0.316 -0.9055, -1.6526 0.262 -0.9055, -1.7163 0.229 -1.1024, -1.6179 0.1327 -0.9055, -1.6905 0.1327 -1.1024, -1.6291 0.1886 -0.9055, -1.6987 0.1713 -1.1024, -1.6321 0.1982 -0.9055, -1.649 0.2535 -0.9055
            ]
        }
        coordIndex [
            0,1,2,-1,2,1,3,-1,2,3,4,-1,4,3,5,-1,5,3,6,-1,5,6,7,-1,7,6,8,-1,8,6,9,-1,8,9,10,-1,10,9,11,-1,11,9,12,-1,11,12,13,-1,13,12,14,-1,14,12,15,-1,14,15,16,-1,16,15,17,-1,17,15,18,-1,17,18,19,-1,19,18,20,-1,20,18,21,-1,20,21,22,-1,22,21,23,-1,23,21,24,-1,23,24,25,-1,25,24,26,-1,26,24,27,-1,26,27,28,-1,28,27,29,-1,29,27,30,-1,29,30,31,-1,31,30,32,-1,32,30,33,-1,32,33,34,-1,35,36,37,-1,37,36,38,-1,37,38,33,-1,33,38,39,-1,33,39,34,-1,37,40,35,-1,35,40,41,-1,35,41,42,-1,42,41,43,-1,43,41,44,-1,43,44,45,-1,45,44,46,-1,46,44,47,-1,46,47,48,-1,48,47,49,-1,49,47,50,-1,49,50,51,-1,51,50,52,-1,52,50,53,-1,52,53,54,-1,54,53,55,-1,55,53,56,-1,55,56,57,-1,57,56,58,-1,58,56,59,-1,58,59,60,-1,60,59,61,-1,61,59,62,-1,61,62,63,-1,63,62,64,-1,64,62,65,-1,64,65,66,-1,66,65,67,-1,67,65,68,-1,67,68,69,-1,69,68,70,-1,70,68,71,-1,70,71,72,-1,72,71,73,-1,73,71,74,-1,73,74,75,-1,75,74,76,-1,76,74,77,-1,76,77,78,-1,78,77,79,-1,79,77,80,-1,79,80,81,-1,82,83,84,-1,84,83,85,-1,86,87,88,-1,85,89,84,-1,84,89,90,-1,84,90,91,-1,87,92,88,-1,88,92,84,-1,88,84,93,-1,93,84,91,-1,86,88,94,-1,94,88,95,-1,94,95,96,-1,96,97,94,-1,94,97,98,-1,94,98,99,-1,99,100,94,-1,94,100,101,-1,94,101,102,-1,102,103,94,-1,94,103,104,-1,94,104,105,-1,105,106,94,-1,94,106,107,-1,94,107,108,-1,108,107,109,-1,74,1,77,-1,77,1,80,-1,68,9,6,-1,74,71,1,-1,1,71,68,-1,1,68,3,-1,3,68,6,-1,68,65,9,-1,9,65,62,-1,9,62,59,-1,59,56,9,-1,9,56,53,-1,9,53,50,-1,47,44,33,-1,27,24,50,-1,50,24,21,-1,50,21,18,-1,47,33,50,-1,50,33,30,-1,50,30,27,-1,18,15,50,-1,50,15,12,-1,50,12,9,-1,44,41,33,-1,33,41,40,-1,33,40,37,-1,85,83,0,-1,0,2,85,-1,85,2,4,-1,85,4,89,-1,4,5,89,-1,89,5,7,-1,89,7,90,-1,7,8,90,-1,90,8,10,-1,90,10,91,-1,10,11,91,-1,91,11,13,-1,91,13,93,-1,13,14,93,-1,93,14,16,-1,93,16,88,-1,16,17,88,-1,88,17,19,-1,88,19,95,-1,19,20,95,-1,95,20,22,-1,95,22,96,-1,22,23,96,-1,96,23,25,-1,96,25,97,-1,25,26,97,-1,97,26,28,-1,97,28,98,-1,28,29,98,-1,98,29,31,-1,98,31,99,-1,31,32,99,-1,99,32,34,-1,99,34,100,-1,34,39,100,-1,100,39,38,-1,100,38,101,-1,101,38,36,-1,101,36,102,-1,102,36,35,-1,102,35,42,-1,42,43,102,-1,102,43,45,-1,102,45,103,-1,45,46,103,-1,103,46,48,-1,103,48,104,-1,48,49,104,-1,104,49,51,-1,104,51,105,-1,51,52,105,-1,105,52,54,-1,105,54,106,-1,54,55,106,-1,106,55,57,-1,106,57,107,-1,57,58,107,-1,107,58,60,-1,107,60,109,-1,60,61,109,-1,109,61,63,-1,109,63,108,-1,63,64,108,-1,108,64,66,-1,108,66,94,-1,66,67,94,-1,94,67,69,-1,94,69,86,-1,69,70,86,-1,86,70,72,-1,86,72,87,-1,72,73,87,-1,87,73,75,-1,87,75,92,-1,81,82,79,-1,79,82,84,-1,79,84,78,-1,78,84,92,-1,78,92,76,-1,76,92,75,-1,83,82,0,-1,0,82,81,-1,0,81,1,-1,1,81,80,-1,110,111,112,-1,112,113,110,-1,110,113,114,-1,110,114,115,-1,116,117,114,-1,118,119,114,-1,114,119,120,-1,114,120,115,-1,121,122,123,-1,123,122,124,-1,124,122,114,-1,114,122,125,-1,114,125,116,-1,121,126,122,-1,122,126,127,-1,122,127,128,-1,128,129,122,-1,122,129,130,-1,122,130,131,-1,117,132,114,-1,114,132,133,-1,114,133,118,-1,131,134,122,-1,122,134,135,-1,122,135,136,-1,136,135,137,-1,138,139,140,-1,140,141,138,-1,138,141,142,-1,138,142,143,-1,142,144,143,-1,143,144,145,-1,143,145,146,-1,145,147,146,-1,146,147,148,-1,146,148,149,-1,148,150,149,-1,149,150,151,-1,149,151,152,-1,151,153,152,-1,152,153,154,-1,152,154,155,-1,154,156,155,-1,155,156,157,-1,155,157,158,-1,157,159,158,-1,158,159,160,-1,158,160,161,-1,160,162,161,-1,161,162,163,-1,161,163,164,-1,163,165,164,-1,164,165,166,-1,164,166,167,-1,166,168,167,-1,167,168,169,-1,167,169,170,-1,169,171,170,-1,170,171,172,-1,170,172,173,-1,172,174,173,-1,173,174,175,-1,173,175,176,-1,176,175,177,-1,176,177,178,-1,178,177,179,-1,178,179,180,-1,180,181,178,-1,178,181,182,-1,178,182,183,-1,182,184,183,-1,183,184,185,-1,183,185,186,-1,185,187,186,-1,186,187,188,-1,186,188,189,-1,188,190,189,-1,189,190,191,-1,189,191,192,-1,191,193,192,-1,192,193,194,-1,192,194,195,-1,194,196,195,-1,195,196,197,-1,195,197,198,-1,197,199,198,-1,198,199,200,-1,198,200,201,-1,200,202,201,-1,201,202,203,-1,201,203,204,-1,203,205,204,-1,204,205,206,-1,204,206,207,-1,206,208,207,-1,207,208,209,-1,207,209,210,-1,209,211,210,-1,210,211,212,-1,210,212,213,-1,214,215,216,-1,216,215,217,-1,216,217,218,-1,218,217,213,-1,218,213,219,-1,219,213,212,-1,215,139,217,-1,217,139,138,-1,143,146,201,-1,201,146,149,-1,201,149,198,-1,143,201,138,-1,138,201,204,-1,138,204,207,-1,207,210,138,-1,138,210,213,-1,138,213,217,-1,155,158,195,-1,186,189,164,-1,167,170,164,-1,164,170,173,-1,164,173,176,-1,158,161,195,-1,195,161,164,-1,195,164,192,-1,192,164,189,-1,198,149,195,-1,195,149,152,-1,195,152,155,-1,176,178,164,-1,164,178,183,-1,164,183,186,-1,140,110,141,-1,141,110,115,-1,141,115,142,-1,142,115,144,-1,144,115,120,-1,144,120,145,-1,145,120,147,-1,147,120,119,-1,147,119,148,-1,148,119,150,-1,150,119,118,-1,150,118,151,-1,151,118,153,-1,153,118,133,-1,153,133,154,-1,154,133,156,-1,156,133,132,-1,156,132,157,-1,157,132,159,-1,159,132,117,-1,159,117,160,-1,160,117,162,-1,162,117,116,-1,162,116,163,-1,163,116,165,-1,165,116,125,-1,165,125,166,-1,166,125,168,-1,168,125,122,-1,168,122,169,-1,169,122,171,-1,171,122,136,-1,171,136,172,-1,179,177,137,-1,137,177,175,-1,137,175,136,-1,136,175,174,-1,136,174,172,-1,137,135,179,-1,179,135,134,-1,179,134,180,-1,180,134,181,-1,181,134,131,-1,181,131,182,-1,182,131,184,-1,184,131,130,-1,184,130,185,-1,185,130,187,-1,187,130,129,-1,187,129,188,-1,188,129,190,-1,190,129,128,-1,190,128,191,-1,191,128,193,-1,193,128,127,-1,193,127,194,-1,194,127,196,-1,196,127,126,-1,196,126,197,-1,197,126,199,-1,199,126,121,-1,199,121,200,-1,200,121,202,-1,202,121,123,-1,202,123,203,-1,203,123,205,-1,205,123,124,-1,205,124,206,-1,206,124,208,-1,208,124,114,-1,208,114,209,-1,209,114,211,-1,211,114,113,-1,211,113,212,-1,212,113,219,-1,219,113,112,-1,219,112,218,-1,218,112,216,-1,216,112,111,-1,216,111,214,-1,139,215,140,-1,140,215,214,-1,140,214,110,-1,110,214,111,-1,220,221,222,-1,222,221,223,-1,222,223,224,-1,224,223,225,-1,225,223,226,-1,225,226,227,-1,227,226,228,-1,228,226,229,-1,228,229,230,-1,230,229,231,-1,231,229,232,-1,231,232,233,-1,233,232,234,-1,234,232,235,-1,234,235,236,-1,236,235,237,-1,237,235,238,-1,237,238,239,-1,239,238,240,-1,240,238,241,-1,240,241,242,-1,242,241,243,-1,243,241,244,-1,243,244,245,-1,245,244,246,-1,246,244,247,-1,246,247,248,-1,248,247,249,-1,249,247,250,-1,249,250,251,-1,251,250,252,-1,252,250,253,-1,252,253,254,-1,255,256,257,-1,257,256,258,-1,257,258,253,-1,253,258,259,-1,253,259,254,-1,257,260,255,-1,255,260,261,-1,255,261,262,-1,262,261,263,-1,263,261,264,-1,263,264,265,-1,265,264,266,-1,266,264,267,-1,266,267,268,-1,268,267,269,-1,269,267,270,-1,269,270,271,-1,271,270,272,-1,272,270,273,-1,272,273,274,-1,274,273,275,-1,275,273,276,-1,275,276,277,-1,277,276,278,-1,278,276,279,-1,278,279,280,-1,280,279,281,-1,281,279,282,-1,281,282,283,-1,283,282,284,-1,284,282,285,-1,284,285,286,-1,286,285,287,-1,287,285,288,-1,287,288,289,-1,289,288,290,-1,290,288,291,-1,290,291,292,-1,292,291,293,-1,293,291,294,-1,293,294,295,-1,295,294,296,-1,296,294,297,-1,296,297,298,-1,298,297,299,-1,299,297,300,-1,299,300,301,-1,302,303,304,-1,304,303,305,-1,306,307,308,-1,305,309,304,-1,304,309,310,-1,304,310,311,-1,307,312,308,-1,308,312,304,-1,308,304,313,-1,313,304,311,-1,306,308,314,-1,314,308,315,-1,314,315,316,-1,316,317,314,-1,314,317,318,-1,314,318,319,-1,319,320,314,-1,314,320,321,-1,314,321,322,-1,322,323,314,-1,314,323,324,-1,314,324,325,-1,325,326,314,-1,314,326,327,-1,314,327,328,-1,328,327,329,-1,294,221,297,-1,297,221,300,-1,288,229,226,-1,294,291,221,-1,221,291,288,-1,221,288,223,-1,223,288,226,-1,288,285,229,-1,229,285,282,-1,229,282,279,-1,279,276,229,-1,229,276,273,-1,229,273,270,-1,267,264,253,-1,247,244,270,-1,270,244,241,-1,270,241,238,-1,267,253,270,-1,270,253,250,-1,270,250,247,-1,238,235,270,-1,270,235,232,-1,270,232,229,-1,264,261,253,-1,253,261,260,-1,253,260,257,-1,305,303,220,-1,220,222,305,-1,305,222,224,-1,305,224,309,-1,224,225,309,-1,309,225,227,-1,309,227,310,-1,227,228,310,-1,310,228,230,-1,310,230,311,-1,230,231,311,-1,311,231,233,-1,311,233,313,-1,233,234,313,-1,313,234,236,-1,313,236,308,-1,236,237,308,-1,308,237,239,-1,308,239,315,-1,239,240,315,-1,315,240,242,-1,315,242,316,-1,242,243,316,-1,316,243,245,-1,316,245,317,-1,245,246,317,-1,317,246,248,-1,317,248,318,-1,248,249,318,-1,318,249,251,-1,318,251,319,-1,251,252,319,-1,319,252,254,-1,319,254,320,-1,254,259,320,-1,320,259,258,-1,320,258,321,-1,321,258,256,-1,321,256,322,-1,322,256,255,-1,322,255,262,-1,262,263,322,-1,322,263,265,-1,322,265,323,-1,265,266,323,-1,323,266,268,-1,323,268,324,-1,268,269,324,-1,324,269,271,-1,324,271,325,-1,271,272,325,-1,325,272,274,-1,325,274,326,-1,274,275,326,-1,326,275,277,-1,326,277,327,-1,277,278,327,-1,327,278,280,-1,327,280,329,-1,280,281,329,-1,329,281,283,-1,329,283,328,-1,283,284,328,-1,328,284,286,-1,328,286,314,-1,286,287,314,-1,314,287,289,-1,314,289,306,-1,289,290,306,-1,306,290,292,-1,306,292,307,-1,292,293,307,-1,307,293,295,-1,307,295,312,-1,301,302,299,-1,299,302,304,-1,299,304,298,-1,298,304,312,-1,298,312,296,-1,296,312,295,-1,303,302,220,-1,220,302,301,-1,220,301,221,-1,221,301,300,-1,330,331,332,-1,332,333,330,-1,330,333,334,-1,330,334,335,-1,336,337,334,-1,338,339,334,-1,334,339,340,-1,334,340,335,-1,341,342,343,-1,343,342,344,-1,344,342,334,-1,334,342,345,-1,334,345,336,-1,341,346,342,-1,342,346,347,-1,342,347,348,-1,348,349,342,-1,342,349,350,-1,342,350,351,-1,337,352,334,-1,334,352,353,-1,334,353,338,-1,351,354,342,-1,342,354,355,-1,342,355,356,-1,356,355,357,-1,358,359,360,-1,360,361,358,-1,358,361,362,-1,358,362,363,-1,362,364,363,-1,363,364,365,-1,363,365,366,-1,365,367,366,-1,366,367,368,-1,366,368,369,-1,368,370,369,-1,369,370,371,-1,369,371,372,-1,371,373,372,-1,372,373,374,-1,372,374,375,-1,374,376,375,-1,375,376,377,-1,375,377,378,-1,377,379,378,-1,378,379,380,-1,378,380,381,-1,380,382,381,-1,381,382,383,-1,381,383,384,-1,383,385,384,-1,384,385,386,-1,384,386,387,-1,386,388,387,-1,387,388,389,-1,387,389,390,-1,389,391,390,-1,390,391,392,-1,390,392,393,-1,392,394,393,-1,393,394,395,-1,393,395,396,-1,396,395,397,-1,396,397,398,-1,398,397,399,-1,398,399,400,-1,400,401,398,-1,398,401,402,-1,398,402,403,-1,402,404,403,-1,403,404,405,-1,403,405,406,-1,405,407,406,-1,406,407,408,-1,406,408,409,-1,408,410,409,-1,409,410,411,-1,409,411,412,-1,411,413,412,-1,412,413,414,-1,412,414,415,-1,414,416,415,-1,415,416,417,-1,415,417,418,-1,417,419,418,-1,418,419,420,-1,418,420,421,-1,420,422,421,-1,421,422,423,-1,421,423,424,-1,423,425,424,-1,424,425,426,-1,424,426,427,-1,426,428,427,-1,427,428,429,-1,427,429,430,-1,429,431,430,-1,430,431,432,-1,430,432,433,-1,434,435,436,-1,436,435,437,-1,436,437,438,-1,438,437,433,-1,438,433,439,-1,439,433,432,-1,435,359,437,-1,437,359,358,-1,363,366,421,-1,421,366,369,-1,421,369,418,-1,363,421,358,-1,358,421,424,-1,358,424,427,-1,427,430,358,-1,358,430,433,-1,358,433,437,-1,375,378,415,-1,406,409,384,-1,387,390,384,-1,384,390,393,-1,384,393,396,-1,378,381,415,-1,415,381,384,-1,415,384,412,-1,412,384,409,-1,418,369,415,-1,415,369,372,-1,415,372,375,-1,396,398,384,-1,384,398,403,-1,384,403,406,-1,360,330,361,-1,361,330,335,-1,361,335,362,-1,362,335,364,-1,364,335,340,-1,364,340,365,-1,365,340,367,-1,367,340,339,-1,367,339,368,-1,368,339,370,-1,370,339,338,-1,370,338,371,-1,371,338,373,-1,373,338,353,-1,373,353,374,-1,374,353,376,-1,376,353,352,-1,376,352,377,-1,377,352,379,-1,379,352,337,-1,379,337,380,-1,380,337,382,-1,382,337,336,-1,382,336,383,-1,383,336,385,-1,385,336,345,-1,385,345,386,-1,386,345,388,-1,388,345,342,-1,388,342,389,-1,389,342,391,-1,391,342,356,-1,391,356,392,-1,399,397,357,-1,357,397,395,-1,357,395,356,-1,356,395,394,-1,356,394,392,-1,357,355,399,-1,399,355,354,-1,399,354,400,-1,400,354,401,-1,401,354,351,-1,401,351,402,-1,402,351,404,-1,404,351,350,-1,404,350,405,-1,405,350,407,-1,407,350,349,-1,407,349,408,-1,408,349,410,-1,410,349,348,-1,410,348,411,-1,411,348,413,-1,413,348,347,-1,413,347,414,-1,414,347,416,-1,416,347,346,-1,416,346,417,-1,417,346,419,-1,419,346,341,-1,419,341,420,-1,420,341,422,-1,422,341,343,-1,422,343,423,-1,423,343,425,-1,425,343,344,-1,425,344,426,-1,426,344,428,-1,428,344,334,-1,428,334,429,-1,429,334,431,-1,431,334,333,-1,431,333,432,-1,432,333,439,-1,439,333,332,-1,439,332,438,-1,438,332,436,-1,436,332,331,-1,436,331,434,-1,359,435,360,-1,360,435,434,-1,360,434,330,-1,330,434,331,-1,
        ]
    }
}
Shape{
    appearance Appearance {
        material  Material 	{
            diffuseColor 0.8509803921568627 0.8509803921568627 0.8509803921568627
            specularColor 0.4235294117647059 0.4235294117647059 0.4235294117647059
            ambientIntensity 0.851
            transparency 0.0
            shininess 0.5
        }
    }
    geometry IndexedFaceSet {
        ccw TRUE
        solid FALSE
        coord DEF co Coordinate {
            point [
                3.0315 -1.4028 -0.8661, 3.0315 -1.4028 0.0787, 3.0315 -0.9303 0.0787, 3.0315 -0.9303 -0.8661, 3.0315 -0.9332 -0.9031, 3.0315 -0.9419 -0.9391, 3.0315 -0.9561 -0.9734, 3.0315 -0.9754 -1.005, 3.0315 -0.9995 -1.0332, 3.0315 -1.3576 -1.005, 3.0315 -1.377 -0.9734, 3.0315 -1.0593 -1.0766, 3.0315 -1.3912 -0.9391, 3.0315 -1.2738 -1.0766, 3.0315 -1.3054 -1.0572, 3.0315 -1.3336 -1.0332, 3.0315 -1.0277 -1.0572, 3.0315 -1.3999 -0.9031, 3.0315 -1.1665 -1.1024, 3.0315 -1.1296 -1.0995, 3.0315 -1.0935 -1.0908, 3.0315 -1.2035 -1.0995, 3.0315 -1.2395 -1.0908, 3.1102 -0.9303 -0.8661, 3.1102 -0.9303 0.0787, 3.1102 -1.4028 0.0787, 3.1102 -1.4028 -0.8661, 3.1102 -1.3912 -0.9391, 3.1102 -1.377 -0.9734, 3.1102 -1.0593 -1.0766, 3.1102 -1.0277 -1.0572, 3.1102 -0.9995 -1.0332, 3.1102 -0.9754 -1.005, 3.1102 -0.9561 -0.9734, 3.1102 -0.9419 -0.9391, 3.1102 -0.9332 -0.9031, 3.1102 -1.3999 -0.9031, 3.1102 -1.3576 -1.005, 3.1102 -1.3336 -1.0332, 3.1102 -1.3054 -1.0572, 3.1102 -1.2738 -1.0766, 3.1102 -1.2395 -1.0908, 3.1102 -1.2035 -1.0995, 3.1102 -1.1665 -1.1024, 3.1102 -1.1296 -1.0995, 3.1102 -1.0935 -1.0908, -3.1102 -1.4028 -0.8661, -3.1102 -1.4028 0.0787, -3.1102 -0.9303 0.0787, -3.1102 -0.9419 -0.9391, -3.1102 -0.9561 -0.9734, -3.1102 -1.2738 -1.0766, -3.1102 -0.9332 -0.9031, -3.1102 -1.3054 -1.0572, -3.1102 -1.3336 -1.0332, -3.1102 -1.3576 -1.005, -3.1102 -1.377 -0.9734, -3.1102 -1.3912 -0.9391, -3.1102 -0.9754 -1.005, -3.1102 -0.9995 -1.0332, -3.1102 -1.0277 -1.0572, -3.1102 -0.9303 -0.8661, -3.1102 -1.3999 -0.9031, -3.1102 -1.0593 -1.0766, -3.1102 -1.0935 -1.0908, -3.1102 -1.1296 -1.0995, -3.1102 -1.1665 -1.1024, -3.1102 -1.2035 -1.0995, -3.1102 -1.2395 -1.0908, -3.0315 -0.9303 -0.8661, -3.0315 -0.9303 0.0787, -3.0315 -0.9419 -0.9391, -3.0315 -0.9332 -0.9031, -3.0315 -1.2738 -1.0766, -3.0315 -1.3912 -0.9391, -3.0315 -1.377 -0.9734, -3.0315 -1.3576 -1.005, -3.0315 -1.4028 0.0787, -3.0315 -1.4028 -0.8661, -3.0315 -1.3999 -0.9031, -3.0315 -1.3336 -1.0332, -3.0315 -1.3054 -1.0572, -3.0315 -0.9995 -1.0332, -3.0315 -1.0277 -1.0572, -3.0315 -1.0593 -1.0766, -3.0315 -0.9754 -1.005, -3.0315 -0.9561 -0.9734, -3.0315 -1.1665 -1.1024, -3.0315 -1.2035 -1.0995, -3.0315 -1.2395 -1.0908, -3.0315 -1.1296 -1.0995, -3.0315 -1.0935 -1.0908, -0.5728 2.5342 0.0787, -0.5758 2.5664 -1.1024, -0.5758 2.5664 0.0787, -0.5847 2.5975 -1.1024, -0.5847 2.5975 0.0787, -0.5991 2.6265 -1.1024, -0.5991 2.6265 0.0787, -0.6186 2.6523 -1.1024, -0.6186 2.6523 0.0787, -0.6425 2.6741 -1.1024, -0.6425 2.6741 0.0787, -0.6699 2.6911 -1.1024, -0.6699 2.6911 0.0787, -0.7001 2.7028 -1.1024, -0.7001 2.7028 0.0787, -0.7319 2.7087 -1.1024, -0.7319 2.7087 0.0787, -0.7642 2.7087 -1.1024, -0.7642 2.7087 0.0787, -0.796 2.7028 -1.1024, -0.796 2.7028 0.0787, -0.8261 2.6911 -1.1024, -0.8261 2.6911 0.0787, -0.8536 2.6741 -1.1024, -0.8536 2.6741 0.0787, -0.8775 2.6523 -1.1024, -0.8775 2.6523 0.0787, -0.897 2.6265 -1.1024, -0.897 2.6265 0.0787, -0.9114 2.5975 -1.1024, -0.9114 2.5975 0.0787, -0.9202 2.5664 -1.1024, -0.9202 2.5664 0.0787, -0.9232 2.5342 -1.1024, -0.9232 2.5342 0.0787, -0.9202 2.5021 -1.1024, -0.9202 2.5021 0.0787, -0.9114 2.471 -1.1024, -0.9114 2.471 0.0787, -0.897 2.442 -1.1024, -0.897 2.442 0.0787, -0.8775 2.4162 -1.1024, -0.8775 2.4162 0.0787, -0.8536 2.3944 -1.1024, -0.8536 2.3944 0.0787, -0.8261 2.3774 -1.1024, -0.8261 2.3774 0.0787, -0.796 2.3657 -1.1024, -0.796 2.3657 0.0787, -0.7642 2.3598 -1.1024, -0.7642 2.3598 0.0787, -0.7319 2.3598 -1.1024, -0.7319 2.3598 0.0787, -0.7001 2.3657 -1.1024, -0.7001 2.3657 0.0787, -0.6699 2.3774 -1.1024, -0.6699 2.3774 0.0787, -0.6425 2.3944 -1.1024, -0.6425 2.3944 0.0787, -0.6186 2.4162 -1.1024, -0.6186 2.4162 0.0787, -0.5991 2.442 -1.1024, -0.5991 2.442 0.0787, -0.5847 2.471 -1.1024, -0.5847 2.471 0.0787, -0.5758 2.5021 -1.1024, -0.5758 2.5021 0.0787, -0.5728 2.5342 -1.1024, -0.748 2.5342 -1.1024, -0.748 2.5342 0.0787, 0.4272 2.5342 0.0787, 0.4242 2.5664 -1.1024, 0.4242 2.5664 0.0787, 0.4153 2.5975 -1.1024, 0.4153 2.5975 0.0787, 0.4009 2.6265 -1.1024, 0.4009 2.6265 0.0787, 0.3814 2.6523 -1.1024, 0.3814 2.6523 0.0787, 0.3575 2.6741 -1.1024, 0.3575 2.6741 0.0787, 0.3301 2.6911 -1.1024, 0.3301 2.6911 0.0787, 0.2999 2.7028 -1.1024, 0.2999 2.7028 0.0787, 0.2681 2.7087 -1.1024, 0.2681 2.7087 0.0787, 0.2358 2.7087 -1.1024, 0.2358 2.7087 0.0787, 0.204 2.7028 -1.1024, 0.204 2.7028 0.0787, 0.1739 2.6911 -1.1024, 0.1739 2.6911 0.0787, 0.1464 2.6741 -1.1024, 0.1464 2.6741 0.0787, 0.1225 2.6523 -1.1024, 0.1225 2.6523 0.0787, 0.103 2.6265 -1.1024, 0.103 2.6265 0.0787, 0.0886 2.5975 -1.1024, 0.0886 2.5975 0.0787, 0.0798 2.5664 -1.1024, 0.0798 2.5664 0.0787, 0.0768 2.5342 -1.1024, 0.0768 2.5342 0.0787, 0.0798 2.5021 -1.1024, 0.0798 2.5021 0.0787, 0.0886 2.471 -1.1024, 0.0886 2.471 0.0787, 0.103 2.442 -1.1024, 0.103 2.442 0.0787, 0.1225 2.4162 -1.1024, 0.1225 2.4162 0.0787, 0.1464 2.3944 -1.1024, 0.1464 2.3944 0.0787, 0.1739 2.3774 -1.1024, 0.1739 2.3774 0.0787, 0.204 2.3657 -1.1024, 0.204 2.3657 0.0787, 0.2358 2.3598 -1.1024, 0.2358 2.3598 0.0787, 0.2681 2.3598 -1.1024, 0.2681 2.3598 0.0787, 0.2999 2.3657 -1.1024, 0.2999 2.3657 0.0787, 0.3301 2.3774 -1.1024, 0.3301 2.3774 0.0787, 0.3575 2.3944 -1.1024, 0.3575 2.3944 0.0787, 0.3814 2.4162 -1.1024, 0.3814 2.4162 0.0787, 0.4009 2.442 -1.1024, 0.4009 2.442 0.0787, 0.4153 2.471 -1.1024, 0.4153 2.471 0.0787, 0.4242 2.5021 -1.1024, 0.4242 2.5021 0.0787, 0.4272 2.5342 -1.1024, 0.252 2.5342 -1.1024, 0.252 2.5342 0.0787, 1.4272 2.5342 0.0787, 1.4242 2.5664 -1.1024, 1.4242 2.5664 0.0787, 1.4153 2.5975 -1.1024, 1.4153 2.5975 0.0787, 1.4009 2.6265 -1.1024, 1.4009 2.6265 0.0787, 1.3814 2.6523 -1.1024, 1.3814 2.6523 0.0787, 1.3575 2.6741 -1.1024, 1.3575 2.6741 0.0787, 1.3301 2.6911 -1.1024, 1.3301 2.6911 0.0787, 1.2999 2.7028 -1.1024, 1.2999 2.7028 0.0787, 1.2681 2.7087 -1.1024, 1.2681 2.7087 0.0787, 1.2358 2.7087 -1.1024, 1.2358 2.7087 0.0787, 1.204 2.7028 -1.1024, 1.204 2.7028 0.0787, 1.1739 2.6911 -1.1024, 1.1739 2.6911 0.0787, 1.1464 2.6741 -1.1024, 1.1464 2.6741 0.0787, 1.1225 2.6523 -1.1024, 1.1225 2.6523 0.0787, 1.103 2.6265 -1.1024, 1.103 2.6265 0.0787, 1.0886 2.5975 -1.1024, 1.0886 2.5975 0.0787, 1.0798 2.5664 -1.1024, 1.0798 2.5664 0.0787, 1.0768 2.5342 -1.1024, 1.0768 2.5342 0.0787, 1.0798 2.5021 -1.1024, 1.0798 2.5021 0.0787, 1.0886 2.471 -1.1024, 1.0886 2.471 0.0787, 1.103 2.442 -1.1024, 1.103 2.442 0.0787, 1.1225 2.4162 -1.1024, 1.1225 2.4162 0.0787, 1.1464 2.3944 -1.1024, 1.1464 2.3944 0.0787, 1.1739 2.3774 -1.1024, 1.1739 2.3774 0.0787, 1.204 2.3657 -1.1024, 1.204 2.3657 0.0787, 1.2358 2.3598 -1.1024, 1.2358 2.3598 0.0787, 1.2681 2.3598 -1.1024, 1.2681 2.3598 0.0787, 1.2999 2.3657 -1.1024, 1.2999 2.3657 0.0787, 1.3301 2.3774 -1.1024, 1.3301 2.3774 0.0787, 1.3575 2.3944 -1.1024, 1.3575 2.3944 0.0787, 1.3814 2.4162 -1.1024, 1.3814 2.4162 0.0787, 1.4009 2.442 -1.1024, 1.4009 2.442 0.0787, 1.4153 2.471 -1.1024, 1.4153 2.471 0.0787, 1.4242 2.5021 -1.1024, 1.4242 2.5021 0.0787, 1.4272 2.5342 -1.1024, 1.252 2.5342 -1.1024, 1.252 2.5342 0.0787, -1.5728 2.5342 0.0787, -1.5758 2.5664 -1.1024, -1.5758 2.5664 0.0787, -1.5847 2.5975 -1.1024, -1.5847 2.5975 0.0787, -1.5991 2.6265 -1.1024, -1.5991 2.6265 0.0787, -1.6186 2.6523 -1.1024, -1.6186 2.6523 0.0787, -1.6425 2.6741 -1.1024, -1.6425 2.6741 0.0787, -1.6699 2.6911 -1.1024, -1.6699 2.6911 0.0787, -1.7001 2.7028 -1.1024, -1.7001 2.7028 0.0787, -1.7319 2.7087 -1.1024, -1.7319 2.7087 0.0787, -1.7642 2.7087 -1.1024, -1.7642 2.7087 0.0787, -1.796 2.7028 -1.1024, -1.796 2.7028 0.0787, -1.8261 2.6911 -1.1024, -1.8261 2.6911 0.0787, -1.8536 2.6741 -1.1024, -1.8536 2.6741 0.0787, -1.8775 2.6523 -1.1024, -1.8775 2.6523 0.0787, -1.897 2.6265 -1.1024, -1.897 2.6265 0.0787, -1.9114 2.5975 -1.1024, -1.9114 2.5975 0.0787, -1.9202 2.5664 -1.1024, -1.9202 2.5664 0.0787, -1.9232 2.5342 -1.1024, -1.9232 2.5342 0.0787, -1.9202 2.5021 -1.1024, -1.9202 2.5021 0.0787, -1.9114 2.471 -1.1024, -1.9114 2.471 0.0787, -1.897 2.442 -1.1024, -1.897 2.442 0.0787, -1.8775 2.4162 -1.1024, -1.8775 2.4162 0.0787, -1.8536 2.3944 -1.1024, -1.8536 2.3944 0.0787, -1.8261 2.3774 -1.1024, -1.8261 2.3774 0.0787, -1.796 2.3657 -1.1024, -1.796 2.3657 0.0787, -1.7642 2.3598 -1.1024, -1.7642 2.3598 0.0787, -1.7319 2.3598 -1.1024, -1.7319 2.3598 0.0787, -1.7001 2.3657 -1.1024, -1.7001 2.3657 0.0787, -1.6699 2.3774 -1.1024, -1.6699 2.3774 0.0787, -1.6425 2.3944 -1.1024, -1.6425 2.3944 0.0787, -1.6186 2.4162 -1.1024, -1.6186 2.4162 0.0787, -1.5991 2.442 -1.1024, -1.5991 2.442 0.0787, -1.5847 2.471 -1.1024, -1.5847 2.471 0.0787, -1.5758 2.5021 -1.1024, -1.5758 2.5021 0.0787, -1.5728 2.5342 -1.1024, -1.748 2.5342 -1.1024, -1.748 2.5342 0.0787, 0.9232 3.5342 0.0787, 0.9202 3.5664 -1.1024, 0.9202 3.5664 0.0787, 0.9114 3.5975 -1.1024, 0.9114 3.5975 0.0787, 0.897 3.6265 -1.1024, 0.897 3.6265 0.0787, 0.8775 3.6523 -1.1024, 0.8775 3.6523 0.0787, 0.8536 3.6741 -1.1024, 0.8536 3.6741 0.0787, 0.8261 3.6911 -1.1024, 0.8261 3.6911 0.0787, 0.796 3.7028 -1.1024, 0.796 3.7028 0.0787, 0.7642 3.7087 -1.1024, 0.7642 3.7087 0.0787, 0.7319 3.7087 -1.1024, 0.7319 3.7087 0.0787, 0.7001 3.7028 -1.1024, 0.7001 3.7028 0.0787, 0.6699 3.6911 -1.1024, 0.6699 3.6911 0.0787, 0.6425 3.6741 -1.1024, 0.6425 3.6741 0.0787, 0.6186 3.6523 -1.1024, 0.6186 3.6523 0.0787, 0.5991 3.6265 -1.1024, 0.5991 3.6265 0.0787, 0.5847 3.5975 -1.1024, 0.5847 3.5975 0.0787, 0.5758 3.5664 -1.1024, 0.5758 3.5664 0.0787, 0.5728 3.5342 -1.1024, 0.5728 3.5342 0.0787, 0.5758 3.5021 -1.1024, 0.5758 3.5021 0.0787, 0.5847 3.471 -1.1024, 0.5847 3.471 0.0787, 0.5991 3.442 -1.1024, 0.5991 3.442 0.0787, 0.6186 3.4162 -1.1024, 0.6186 3.4162 0.0787, 0.6425 3.3944 -1.1024, 0.6425 3.3944 0.0787, 0.6699 3.3774 -1.1024, 0.6699 3.3774 0.0787, 0.7001 3.3657 -1.1024, 0.7001 3.3657 0.0787, 0.7319 3.3598 -1.1024, 0.7319 3.3598 0.0787, 0.7642 3.3598 -1.1024, 0.7642 3.3598 0.0787, 0.796 3.3657 -1.1024, 0.796 3.3657 0.0787, 0.8261 3.3774 -1.1024, 0.8261 3.3774 0.0787, 0.8536 3.3944 -1.1024, 0.8536 3.3944 0.0787, 0.8775 3.4162 -1.1024, 0.8775 3.4162 0.0787, 0.897 3.442 -1.1024, 0.897 3.442 0.0787, 0.9114 3.471 -1.1024, 0.9114 3.471 0.0787, 0.9202 3.5021 -1.1024, 0.9202 3.5021 0.0787, 0.9232 3.5342 -1.1024, 0.748 3.5342 -1.1024, 0.748 3.5342 0.0787, -0.0768 3.5342 0.0787, -0.0798 3.5664 -1.1024, -0.0798 3.5664 0.0787, -0.0886 3.5975 -1.1024, -0.0886 3.5975 0.0787, -0.103 3.6265 -1.1024, -0.103 3.6265 0.0787, -0.1225 3.6523 -1.1024, -0.1225 3.6523 0.0787, -0.1464 3.6741 -1.1024, -0.1464 3.6741 0.0787, -0.1739 3.6911 -1.1024, -0.1739 3.6911 0.0787, -0.204 3.7028 -1.1024, -0.204 3.7028 0.0787, -0.2358 3.7087 -1.1024, -0.2358 3.7087 0.0787, -0.2681 3.7087 -1.1024, -0.2681 3.7087 0.0787, -0.2999 3.7028 -1.1024, -0.2999 3.7028 0.0787, -0.3301 3.6911 -1.1024, -0.3301 3.6911 0.0787, -0.3575 3.6741 -1.1024, -0.3575 3.6741 0.0787, -0.3814 3.6523 -1.1024, -0.3814 3.6523 0.0787, -0.4009 3.6265 -1.1024, -0.4009 3.6265 0.0787, -0.4153 3.5975 -1.1024, -0.4153 3.5975 0.0787, -0.4242 3.5664 -1.1024, -0.4242 3.5664 0.0787, -0.4272 3.5342 -1.1024, -0.4272 3.5342 0.0787, -0.4242 3.5021 -1.1024, -0.4242 3.5021 0.0787, -0.4153 3.471 -1.1024, -0.4153 3.471 0.0787, -0.4009 3.442 -1.1024, -0.4009 3.442 0.0787, -0.3814 3.4162 -1.1024, -0.3814 3.4162 0.0787, -0.3575 3.3944 -1.1024, -0.3575 3.3944 0.0787, -0.3301 3.3774 -1.1024, -0.3301 3.3774 0.0787, -0.2999 3.3657 -1.1024, -0.2999 3.3657 0.0787, -0.2681 3.3598 -1.1024, -0.2681 3.3598 0.0787, -0.2358 3.3598 -1.1024, -0.2358 3.3598 0.0787, -0.204 3.3657 -1.1024, -0.204 3.3657 0.0787, -0.1739 3.3774 -1.1024, -0.1739 3.3774 0.0787, -0.1464 3.3944 -1.1024, -0.1464 3.3944 0.0787, -0.1225 3.4162 -1.1024, -0.1225 3.4162 0.0787, -0.103 3.442 -1.1024, -0.103 3.442 0.0787, -0.0886 3.471 -1.1024, -0.0886 3.471 0.0787, -0.0798 3.5021 -1.1024, -0.0798 3.5021 0.0787, -0.0768 3.5342 -1.1024, -0.252 3.5342 -1.1024, -0.252 3.5342 0.0787, -1.0768 3.5342 0.0787, -1.0798 3.5664 -1.1024, -1.0798 3.5664 0.0787, -1.0886 3.5975 -1.1024, -1.0886 3.5975 0.0787, -1.103 3.6265 -1.1024, -1.103 3.6265 0.0787, -1.1225 3.6523 -1.1024, -1.1225 3.6523 0.0787, -1.1464 3.6741 -1.1024, -1.1464 3.6741 0.0787, -1.1739 3.6911 -1.1024, -1.1739 3.6911 0.0787, -1.204 3.7028 -1.1024, -1.204 3.7028 0.0787, -1.2358 3.7087 -1.1024, -1.2358 3.7087 0.0787, -1.2681 3.7087 -1.1024, -1.2681 3.7087 0.0787, -1.2999 3.7028 -1.1024, -1.2999 3.7028 0.0787, -1.3301 3.6911 -1.1024, -1.3301 3.6911 0.0787, -1.3575 3.6741 -1.1024, -1.3575 3.6741 0.0787, -1.3814 3.6523 -1.1024, -1.3814 3.6523 0.0787, -1.4009 3.6265 -1.1024, -1.4009 3.6265 0.0787, -1.4153 3.5975 -1.1024, -1.4153 3.5975 0.0787, -1.4242 3.5664 -1.1024, -1.4242 3.5664 0.0787, -1.4272 3.5342 -1.1024, -1.4272 3.5342 0.0787, -1.4242 3.5021 -1.1024, -1.4242 3.5021 0.0787, -1.4153 3.471 -1.1024, -1.4153 3.471 0.0787, -1.4009 3.442 -1.1024, -1.4009 3.442 0.0787, -1.3814 3.4162 -1.1024, -1.3814 3.4162 0.0787, -1.3575 3.3944 -1.1024, -1.3575 3.3944 0.0787, -1.3301 3.3774 -1.1024, -1.3301 3.3774 0.0787, -1.2999 3.3657 -1.1024, -1.2999 3.3657 0.0787, -1.2681 3.3598 -1.1024, -1.2681 3.3598 0.0787, -1.2358 3.3598 -1.1024, -1.2358 3.3598 0.0787, -1.204 3.3657 -1.1024, -1.204 3.3657 0.0787, -1.1739 3.3774 -1.1024, -1.1739 3.3774 0.0787, -1.1464 3.3944 -1.1024, -1.1464 3.3944 0.0787, -1.1225 3.4162 -1.1024, -1.1225 3.4162 0.0787, -1.103 3.442 -1.1024, -1.103 3.442 0.0787, -1.0886 3.471 -1.1024, -1.0886 3.471 0.0787, -1.0798 3.5021 -1.1024, -1.0798 3.5021 0.0787, -1.0768 3.5342 -1.1024, -1.252 3.5342 -1.1024, -1.252 3.5342 0.0787, 1.9232 3.5342 0.0787, 1.9202 3.5664 -1.1024, 1.9202 3.5664 0.0787, 1.9114 3.5975 -1.1024, 1.9114 3.5975 0.0787, 1.897 3.6265 -1.1024, 1.897 3.6265 0.0787, 1.8775 3.6523 -1.1024, 1.8775 3.6523 0.0787, 1.8536 3.6741 -1.1024, 1.8536 3.6741 0.0787, 1.8261 3.6911 -1.1024, 1.8261 3.6911 0.0787, 1.796 3.7028 -1.1024, 1.796 3.7028 0.0787, 1.7642 3.7087 -1.1024, 1.7642 3.7087 0.0787, 1.7319 3.7087 -1.1024, 1.7319 3.7087 0.0787, 1.7001 3.7028 -1.1024, 1.7001 3.7028 0.0787, 1.6699 3.6911 -1.1024, 1.6699 3.6911 0.0787, 1.6425 3.6741 -1.1024, 1.6425 3.6741 0.0787, 1.6186 3.6523 -1.1024, 1.6186 3.6523 0.0787, 1.5991 3.6265 -1.1024, 1.5991 3.6265 0.0787, 1.5847 3.5975 -1.1024, 1.5847 3.5975 0.0787, 1.5758 3.5664 -1.1024, 1.5758 3.5664 0.0787, 1.5728 3.5342 -1.1024, 1.5728 3.5342 0.0787, 1.5758 3.5021 -1.1024, 1.5758 3.5021 0.0787, 1.5847 3.471 -1.1024, 1.5847 3.471 0.0787, 1.5991 3.442 -1.1024, 1.5991 3.442 0.0787, 1.6186 3.4162 -1.1024, 1.6186 3.4162 0.0787, 1.6425 3.3944 -1.1024, 1.6425 3.3944 0.0787, 1.6699 3.3774 -1.1024, 1.6699 3.3774 0.0787, 1.7001 3.3657 -1.1024, 1.7001 3.3657 0.0787, 1.7319 3.3598 -1.1024, 1.7319 3.3598 0.0787, 1.7642 3.3598 -1.1024, 1.7642 3.3598 0.0787, 1.796 3.3657 -1.1024, 1.796 3.3657 0.0787, 1.8261 3.3774 -1.1024, 1.8261 3.3774 0.0787, 1.8536 3.3944 -1.1024, 1.8536 3.3944 0.0787, 1.8775 3.4162 -1.1024, 1.8775 3.4162 0.0787, 1.897 3.442 -1.1024, 1.897 3.442 0.0787, 1.9114 3.471 -1.1024, 1.9114 3.471 0.0787, 1.9202 3.5021 -1.1024, 1.9202 3.5021 0.0787, 1.9232 3.5342 -1.1024, 1.748 3.5342 -1.1024, 1.748 3.5342 0.0787
            ]
        }
        coordIndex [
            0,1,2,-1,2,3,0,-1,0,3,4,-1,0,4,5,-1,5,6,0,-1,0,6,7,-1,0,7,8,-1,9,10,11,-1,11,10,12,-1,13,14,11,-1,11,14,15,-1,11,15,9,-1,8,16,0,-1,0,16,11,-1,0,11,17,-1,17,11,12,-1,18,11,19,-1,19,11,20,-1,18,21,11,-1,11,21,22,-1,11,22,13,-1,3,2,23,-1,23,2,24,-1,24,25,23,-1,23,25,26,-1,27,28,29,-1,30,31,26,-1,26,31,32,-1,26,32,33,-1,33,34,26,-1,26,34,35,-1,26,35,23,-1,30,26,29,-1,29,26,36,-1,29,36,27,-1,28,37,29,-1,29,37,38,-1,29,38,39,-1,39,40,29,-1,29,40,41,-1,29,41,42,-1,42,43,29,-1,29,43,44,-1,29,44,45,-1,26,25,0,-1,0,25,1,-1,25,24,1,-1,1,24,2,-1,18,43,42,-1,18,42,21,-1,21,42,41,-1,21,41,22,-1,22,41,40,-1,22,40,13,-1,13,40,39,-1,13,39,14,-1,14,39,38,-1,14,38,15,-1,15,38,37,-1,15,37,9,-1,9,37,28,-1,9,28,10,-1,10,28,27,-1,10,27,12,-1,12,27,36,-1,12,36,17,-1,17,36,26,-1,17,26,0,-1,43,18,19,-1,43,19,44,-1,44,19,20,-1,44,20,45,-1,45,20,11,-1,45,11,29,-1,29,11,16,-1,29,16,30,-1,30,16,8,-1,30,8,31,-1,31,8,7,-1,31,7,32,-1,32,7,6,-1,32,6,33,-1,33,6,5,-1,33,5,34,-1,34,5,4,-1,34,4,35,-1,35,4,3,-1,35,3,23,-1,46,47,48,-1,49,50,51,-1,49,51,52,-1,52,51,53,-1,52,53,54,-1,54,55,52,-1,52,55,56,-1,52,56,57,-1,50,58,51,-1,51,58,59,-1,51,59,60,-1,48,61,46,-1,46,61,52,-1,46,52,62,-1,62,52,57,-1,60,63,51,-1,51,63,64,-1,51,64,65,-1,65,66,51,-1,51,66,67,-1,51,67,68,-1,61,48,69,-1,69,48,70,-1,71,72,73,-1,74,75,72,-1,72,75,76,-1,70,77,69,-1,69,77,78,-1,69,78,72,-1,72,78,79,-1,72,79,74,-1,76,80,72,-1,72,80,81,-1,72,81,73,-1,82,73,83,-1,83,73,84,-1,82,85,73,-1,73,85,86,-1,73,86,71,-1,87,73,88,-1,88,73,89,-1,87,90,73,-1,73,90,91,-1,73,91,84,-1,78,77,46,-1,46,77,47,-1,77,70,47,-1,47,70,48,-1,61,69,72,-1,61,72,52,-1,52,72,71,-1,52,71,49,-1,49,71,86,-1,49,86,50,-1,50,86,85,-1,50,85,58,-1,58,85,82,-1,58,82,59,-1,59,82,83,-1,59,83,60,-1,60,83,84,-1,60,84,63,-1,63,84,91,-1,63,91,64,-1,64,91,90,-1,64,90,65,-1,65,90,87,-1,65,87,66,-1,78,46,62,-1,78,62,79,-1,79,62,57,-1,79,57,74,-1,74,57,56,-1,74,56,75,-1,75,56,55,-1,75,55,76,-1,76,55,54,-1,76,54,80,-1,80,54,53,-1,80,53,81,-1,81,53,51,-1,81,51,73,-1,73,51,68,-1,73,68,89,-1,89,68,67,-1,89,67,88,-1,88,67,66,-1,88,66,87,-1,92,93,94,-1,94,93,95,-1,94,95,96,-1,96,95,97,-1,96,97,98,-1,98,97,99,-1,98,99,100,-1,100,99,101,-1,100,101,102,-1,102,101,103,-1,102,103,104,-1,104,103,105,-1,104,105,106,-1,106,105,107,-1,106,107,108,-1,108,107,109,-1,108,109,110,-1,110,109,111,-1,110,111,112,-1,112,111,113,-1,112,113,114,-1,114,113,115,-1,114,115,116,-1,116,115,117,-1,116,117,118,-1,118,117,119,-1,118,119,120,-1,120,119,121,-1,120,121,122,-1,122,121,123,-1,122,123,124,-1,124,123,125,-1,124,125,126,-1,126,125,127,-1,126,127,128,-1,128,127,129,-1,128,129,130,-1,130,129,131,-1,130,131,132,-1,132,131,133,-1,132,133,134,-1,134,133,135,-1,134,135,136,-1,136,135,137,-1,136,137,138,-1,138,137,139,-1,138,139,140,-1,140,139,141,-1,140,141,142,-1,142,141,143,-1,142,143,144,-1,144,143,145,-1,144,145,146,-1,146,145,147,-1,146,147,148,-1,148,147,149,-1,148,149,150,-1,150,149,151,-1,150,151,152,-1,152,151,153,-1,152,153,154,-1,154,153,155,-1,154,155,156,-1,156,155,157,-1,156,157,158,-1,158,157,159,-1,158,159,92,-1,92,159,93,-1,125,123,160,-1,131,129,160,-1,160,129,127,-1,160,127,125,-1,137,135,160,-1,160,135,133,-1,160,133,131,-1,143,141,160,-1,160,141,139,-1,160,139,137,-1,149,147,160,-1,160,147,145,-1,160,145,143,-1,155,153,160,-1,160,153,151,-1,160,151,149,-1,93,159,160,-1,160,159,157,-1,160,157,155,-1,99,97,160,-1,160,97,95,-1,160,95,93,-1,105,103,160,-1,160,103,101,-1,160,101,99,-1,111,109,160,-1,160,109,107,-1,160,107,105,-1,117,115,160,-1,160,115,113,-1,160,113,111,-1,123,121,160,-1,160,121,119,-1,160,119,117,-1,126,128,161,-1,120,122,161,-1,161,122,124,-1,161,124,126,-1,114,116,161,-1,161,116,118,-1,161,118,120,-1,108,110,161,-1,161,110,112,-1,161,112,114,-1,102,104,161,-1,161,104,106,-1,161,106,108,-1,96,98,161,-1,161,98,100,-1,161,100,102,-1,158,92,161,-1,161,92,94,-1,161,94,96,-1,152,154,161,-1,161,154,156,-1,161,156,158,-1,146,148,161,-1,161,148,150,-1,161,150,152,-1,140,142,161,-1,161,142,144,-1,161,144,146,-1,134,136,161,-1,161,136,138,-1,161,138,140,-1,128,130,161,-1,161,130,132,-1,161,132,134,-1,162,163,164,-1,164,163,165,-1,164,165,166,-1,166,165,167,-1,166,167,168,-1,168,167,169,-1,168,169,170,-1,170,169,171,-1,170,171,172,-1,172,171,173,-1,172,173,174,-1,174,173,175,-1,174,175,176,-1,176,175,177,-1,176,177,178,-1,178,177,179,-1,178,179,180,-1,180,179,181,-1,180,181,182,-1,182,181,183,-1,182,183,184,-1,184,183,185,-1,184,185,186,-1,186,185,187,-1,186,187,188,-1,188,187,189,-1,188,189,190,-1,190,189,191,-1,190,191,192,-1,192,191,193,-1,192,193,194,-1,194,193,195,-1,194,195,196,-1,196,195,197,-1,196,197,198,-1,198,197,199,-1,198,199,200,-1,200,199,201,-1,200,201,202,-1,202,201,203,-1,202,203,204,-1,204,203,205,-1,204,205,206,-1,206,205,207,-1,206,207,208,-1,208,207,209,-1,208,209,210,-1,210,209,211,-1,210,211,212,-1,212,211,213,-1,212,213,214,-1,214,213,215,-1,214,215,216,-1,216,215,217,-1,216,217,218,-1,218,217,219,-1,218,219,220,-1,220,219,221,-1,220,221,222,-1,222,221,223,-1,222,223,224,-1,224,223,225,-1,224,225,226,-1,226,225,227,-1,226,227,228,-1,228,227,229,-1,228,229,162,-1,162,229,163,-1,195,193,230,-1,201,199,230,-1,230,199,197,-1,230,197,195,-1,207,205,230,-1,230,205,203,-1,230,203,201,-1,213,211,230,-1,230,211,209,-1,230,209,207,-1,219,217,230,-1,230,217,215,-1,230,215,213,-1,225,223,230,-1,230,223,221,-1,230,221,219,-1,163,229,230,-1,230,229,227,-1,230,227,225,-1,169,167,230,-1,230,167,165,-1,230,165,163,-1,175,173,230,-1,230,173,171,-1,230,171,169,-1,181,179,230,-1,230,179,177,-1,230,177,175,-1,187,185,230,-1,230,185,183,-1,230,183,181,-1,193,191,230,-1,230,191,189,-1,230,189,187,-1,196,198,231,-1,190,192,231,-1,231,192,194,-1,231,194,196,-1,184,186,231,-1,231,186,188,-1,231,188,190,-1,178,180,231,-1,231,180,182,-1,231,182,184,-1,172,174,231,-1,231,174,176,-1,231,176,178,-1,166,168,231,-1,231,168,170,-1,231,170,172,-1,228,162,231,-1,231,162,164,-1,231,164,166,-1,222,224,231,-1,231,224,226,-1,231,226,228,-1,216,218,231,-1,231,218,220,-1,231,220,222,-1,210,212,231,-1,231,212,214,-1,231,214,216,-1,204,206,231,-1,231,206,208,-1,231,208,210,-1,198,200,231,-1,231,200,202,-1,231,202,204,-1,232,233,234,-1,234,233,235,-1,234,235,236,-1,236,235,237,-1,236,237,238,-1,238,237,239,-1,238,239,240,-1,240,239,241,-1,240,241,242,-1,242,241,243,-1,242,243,244,-1,244,243,245,-1,244,245,246,-1,246,245,247,-1,246,247,248,-1,248,247,249,-1,248,249,250,-1,250,249,251,-1,250,251,252,-1,252,251,253,-1,252,253,254,-1,254,253,255,-1,254,255,256,-1,256,255,257,-1,256,257,258,-1,258,257,259,-1,258,259,260,-1,260,259,261,-1,260,261,262,-1,262,261,263,-1,262,263,264,-1,264,263,265,-1,264,265,266,-1,266,265,267,-1,266,267,268,-1,268,267,269,-1,268,269,270,-1,270,269,271,-1,270,271,272,-1,272,271,273,-1,272,273,274,-1,274,273,275,-1,274,275,276,-1,276,275,277,-1,276,277,278,-1,278,277,279,-1,278,279,280,-1,280,279,281,-1,280,281,282,-1,282,281,283,-1,282,283,284,-1,284,283,285,-1,284,285,286,-1,286,285,287,-1,286,287,288,-1,288,287,289,-1,288,289,290,-1,290,289,291,-1,290,291,292,-1,292,291,293,-1,292,293,294,-1,294,293,295,-1,294,295,296,-1,296,295,297,-1,296,297,298,-1,298,297,299,-1,298,299,232,-1,232,299,233,-1,265,263,300,-1,271,269,300,-1,300,269,267,-1,300,267,265,-1,277,275,300,-1,300,275,273,-1,300,273,271,-1,283,281,300,-1,300,281,279,-1,300,279,277,-1,289,287,300,-1,300,287,285,-1,300,285,283,-1,295,293,300,-1,300,293,291,-1,300,291,289,-1,233,299,300,-1,300,299,297,-1,300,297,295,-1,239,237,300,-1,300,237,235,-1,300,235,233,-1,245,243,300,-1,300,243,241,-1,300,241,239,-1,251,249,300,-1,300,249,247,-1,300,247,245,-1,257,255,300,-1,300,255,253,-1,300,253,251,-1,263,261,300,-1,300,261,259,-1,300,259,257,-1,266,268,301,-1,260,262,301,-1,301,262,264,-1,301,264,266,-1,254,256,301,-1,301,256,258,-1,301,258,260,-1,248,250,301,-1,301,250,252,-1,301,252,254,-1,242,244,301,-1,301,244,246,-1,301,246,248,-1,236,238,301,-1,301,238,240,-1,301,240,242,-1,298,232,301,-1,301,232,234,-1,301,234,236,-1,292,294,301,-1,301,294,296,-1,301,296,298,-1,286,288,301,-1,301,288,290,-1,301,290,292,-1,280,282,301,-1,301,282,284,-1,301,284,286,-1,274,276,301,-1,301,276,278,-1,301,278,280,-1,268,270,301,-1,301,270,272,-1,301,272,274,-1,302,303,304,-1,304,303,305,-1,304,305,306,-1,306,305,307,-1,306,307,308,-1,308,307,309,-1,308,309,310,-1,310,309,311,-1,310,311,312,-1,312,311,313,-1,312,313,314,-1,314,313,315,-1,314,315,316,-1,316,315,317,-1,316,317,318,-1,318,317,319,-1,318,319,320,-1,320,319,321,-1,320,321,322,-1,322,321,323,-1,322,323,324,-1,324,323,325,-1,324,325,326,-1,326,325,327,-1,326,327,328,-1,328,327,329,-1,328,329,330,-1,330,329,331,-1,330,331,332,-1,332,331,333,-1,332,333,334,-1,334,333,335,-1,334,335,336,-1,336,335,337,-1,336,337,338,-1,338,337,339,-1,338,339,340,-1,340,339,341,-1,340,341,342,-1,342,341,343,-1,342,343,344,-1,344,343,345,-1,344,345,346,-1,346,345,347,-1,346,347,348,-1,348,347,349,-1,348,349,350,-1,350,349,351,-1,350,351,352,-1,352,351,353,-1,352,353,354,-1,354,353,355,-1,354,355,356,-1,356,355,357,-1,356,357,358,-1,358,357,359,-1,358,359,360,-1,360,359,361,-1,360,361,362,-1,362,361,363,-1,362,363,364,-1,364,363,365,-1,364,365,366,-1,366,365,367,-1,366,367,368,-1,368,367,369,-1,368,369,302,-1,302,369,303,-1,335,333,370,-1,341,339,370,-1,370,339,337,-1,370,337,335,-1,347,345,370,-1,370,345,343,-1,370,343,341,-1,353,351,370,-1,370,351,349,-1,370,349,347,-1,359,357,370,-1,370,357,355,-1,370,355,353,-1,365,363,370,-1,370,363,361,-1,370,361,359,-1,303,369,370,-1,370,369,367,-1,370,367,365,-1,309,307,370,-1,370,307,305,-1,370,305,303,-1,315,313,370,-1,370,313,311,-1,370,311,309,-1,321,319,370,-1,370,319,317,-1,370,317,315,-1,327,325,370,-1,370,325,323,-1,370,323,321,-1,333,331,370,-1,370,331,329,-1,370,329,327,-1,336,338,371,-1,330,332,371,-1,371,332,334,-1,371,334,336,-1,324,326,371,-1,371,326,328,-1,371,328,330,-1,318,320,371,-1,371,320,322,-1,371,322,324,-1,312,314,371,-1,371,314,316,-1,371,316,318,-1,306,308,371,-1,371,308,310,-1,371,310,312,-1,368,302,371,-1,371,302,304,-1,371,304,306,-1,362,364,371,-1,371,364,366,-1,371,366,368,-1,356,358,371,-1,371,358,360,-1,371,360,362,-1,350,352,371,-1,371,352,354,-1,371,354,356,-1,344,346,371,-1,371,346,348,-1,371,348,350,-1,338,340,371,-1,371,340,342,-1,371,342,344,-1,372,373,374,-1,374,373,375,-1,374,375,376,-1,376,375,377,-1,376,377,378,-1,378,377,379,-1,378,379,380,-1,380,379,381,-1,380,381,382,-1,382,381,383,-1,382,383,384,-1,384,383,385,-1,384,385,386,-1,386,385,387,-1,386,387,388,-1,388,387,389,-1,388,389,390,-1,390,389,391,-1,390,391,392,-1,392,391,393,-1,392,393,394,-1,394,393,395,-1,394,395,396,-1,396,395,397,-1,396,397,398,-1,398,397,399,-1,398,399,400,-1,400,399,401,-1,400,401,402,-1,402,401,403,-1,402,403,404,-1,404,403,405,-1,404,405,406,-1,406,405,407,-1,406,407,408,-1,408,407,409,-1,408,409,410,-1,410,409,411,-1,410,411,412,-1,412,411,413,-1,412,413,414,-1,414,413,415,-1,414,415,416,-1,416,415,417,-1,416,417,418,-1,418,417,419,-1,418,419,420,-1,420,419,421,-1,420,421,422,-1,422,421,423,-1,422,423,424,-1,424,423,425,-1,424,425,426,-1,426,425,427,-1,426,427,428,-1,428,427,429,-1,428,429,430,-1,430,429,431,-1,430,431,432,-1,432,431,433,-1,432,433,434,-1,434,433,435,-1,434,435,436,-1,436,435,437,-1,436,437,438,-1,438,437,439,-1,438,439,372,-1,372,439,373,-1,405,403,440,-1,411,409,440,-1,440,409,407,-1,440,407,405,-1,417,415,440,-1,440,415,413,-1,440,413,411,-1,423,421,440,-1,440,421,419,-1,440,419,417,-1,429,427,440,-1,440,427,425,-1,440,425,423,-1,435,433,440,-1,440,433,431,-1,440,431,429,-1,373,439,440,-1,440,439,437,-1,440,437,435,-1,379,377,440,-1,440,377,375,-1,440,375,373,-1,385,383,440,-1,440,383,381,-1,440,381,379,-1,391,389,440,-1,440,389,387,-1,440,387,385,-1,397,395,440,-1,440,395,393,-1,440,393,391,-1,403,401,440,-1,440,401,399,-1,440,399,397,-1,406,408,441,-1,400,402,441,-1,441,402,404,-1,441,404,406,-1,394,396,441,-1,441,396,398,-1,441,398,400,-1,388,390,441,-1,441,390,392,-1,441,392,394,-1,382,384,441,-1,441,384,386,-1,441,386,388,-1,376,378,441,-1,441,378,380,-1,441,380,382,-1,438,372,441,-1,441,372,374,-1,441,374,376,-1,432,434,441,-1,441,434,436,-1,441,436,438,-1,426,428,441,-1,441,428,430,-1,441,430,432,-1,420,422,441,-1,441,422,424,-1,441,424,426,-1,414,416,441,-1,441,416,418,-1,441,418,420,-1,408,410,441,-1,441,410,412,-1,441,412,414,-1,442,443,444,-1,444,443,445,-1,444,445,446,-1,446,445,447,-1,446,447,448,-1,448,447,449,-1,448,449,450,-1,450,449,451,-1,450,451,452,-1,452,451,453,-1,452,453,454,-1,454,453,455,-1,454,455,456,-1,456,455,457,-1,456,457,458,-1,458,457,459,-1,458,459,460,-1,460,459,461,-1,460,461,462,-1,462,461,463,-1,462,463,464,-1,464,463,465,-1,464,465,466,-1,466,465,467,-1,466,467,468,-1,468,467,469,-1,468,469,470,-1,470,469,471,-1,470,471,472,-1,472,471,473,-1,472,473,474,-1,474,473,475,-1,474,475,476,-1,476,475,477,-1,476,477,478,-1,478,477,479,-1,478,479,480,-1,480,479,481,-1,480,481,482,-1,482,481,483,-1,482,483,484,-1,484,483,485,-1,484,485,486,-1,486,485,487,-1,486,487,488,-1,488,487,489,-1,488,489,490,-1,490,489,491,-1,490,491,492,-1,492,491,493,-1,492,493,494,-1,494,493,495,-1,494,495,496,-1,496,495,497,-1,496,497,498,-1,498,497,499,-1,498,499,500,-1,500,499,501,-1,500,501,502,-1,502,501,503,-1,502,503,504,-1,504,503,505,-1,504,505,506,-1,506,505,507,-1,506,507,508,-1,508,507,509,-1,508,509,442,-1,442,509,443,-1,475,473,510,-1,481,479,510,-1,510,479,477,-1,510,477,475,-1,487,485,510,-1,510,485,483,-1,510,483,481,-1,493,491,510,-1,510,491,489,-1,510,489,487,-1,499,497,510,-1,510,497,495,-1,510,495,493,-1,505,503,510,-1,510,503,501,-1,510,501,499,-1,443,509,510,-1,510,509,507,-1,510,507,505,-1,449,447,510,-1,510,447,445,-1,510,445,443,-1,455,453,510,-1,510,453,451,-1,510,451,449,-1,461,459,510,-1,510,459,457,-1,510,457,455,-1,467,465,510,-1,510,465,463,-1,510,463,461,-1,473,471,510,-1,510,471,469,-1,510,469,467,-1,476,478,511,-1,470,472,511,-1,511,472,474,-1,511,474,476,-1,464,466,511,-1,511,466,468,-1,511,468,470,-1,458,460,511,-1,511,460,462,-1,511,462,464,-1,452,454,511,-1,511,454,456,-1,511,456,458,-1,446,448,511,-1,511,448,450,-1,511,450,452,-1,508,442,511,-1,511,442,444,-1,511,444,446,-1,502,504,511,-1,511,504,506,-1,511,506,508,-1,496,498,511,-1,511,498,500,-1,511,500,502,-1,490,492,511,-1,511,492,494,-1,511,494,496,-1,484,486,511,-1,511,486,488,-1,511,488,490,-1,478,480,511,-1,511,480,482,-1,511,482,484,-1,512,513,514,-1,514,513,515,-1,514,515,516,-1,516,515,517,-1,516,517,518,-1,518,517,519,-1,518,519,520,-1,520,519,521,-1,520,521,522,-1,522,521,523,-1,522,523,524,-1,524,523,525,-1,524,525,526,-1,526,525,527,-1,526,527,528,-1,528,527,529,-1,528,529,530,-1,530,529,531,-1,530,531,532,-1,532,531,533,-1,532,533,534,-1,534,533,535,-1,534,535,536,-1,536,535,537,-1,536,537,538,-1,538,537,539,-1,538,539,540,-1,540,539,541,-1,540,541,542,-1,542,541,543,-1,542,543,544,-1,544,543,545,-1,544,545,546,-1,546,545,547,-1,546,547,548,-1,548,547,549,-1,548,549,550,-1,550,549,551,-1,550,551,552,-1,552,551,553,-1,552,553,554,-1,554,553,555,-1,554,555,556,-1,556,555,557,-1,556,557,558,-1,558,557,559,-1,558,559,560,-1,560,559,561,-1,560,561,562,-1,562,561,563,-1,562,563,564,-1,564,563,565,-1,564,565,566,-1,566,565,567,-1,566,567,568,-1,568,567,569,-1,568,569,570,-1,570,569,571,-1,570,571,572,-1,572,571,573,-1,572,573,574,-1,574,573,575,-1,574,575,576,-1,576,575,577,-1,576,577,578,-1,578,577,579,-1,578,579,512,-1,512,579,513,-1,545,543,580,-1,551,549,580,-1,580,549,547,-1,580,547,545,-1,557,555,580,-1,580,555,553,-1,580,553,551,-1,563,561,580,-1,580,561,559,-1,580,559,557,-1,569,567,580,-1,580,567,565,-1,580,565,563,-1,575,573,580,-1,580,573,571,-1,580,571,569,-1,513,579,580,-1,580,579,577,-1,580,577,575,-1,519,517,580,-1,580,517,515,-1,580,515,513,-1,525,523,580,-1,580,523,521,-1,580,521,519,-1,531,529,580,-1,580,529,527,-1,580,527,525,-1,537,535,580,-1,580,535,533,-1,580,533,531,-1,543,541,580,-1,580,541,539,-1,580,539,537,-1,546,548,581,-1,540,542,581,-1,581,542,544,-1,581,544,546,-1,534,536,581,-1,581,536,538,-1,581,538,540,-1,528,530,581,-1,581,530,532,-1,581,532,534,-1,522,524,581,-1,581,524,526,-1,581,526,528,-1,516,518,581,-1,581,518,520,-1,581,520,522,-1,578,512,581,-1,581,512,514,-1,581,514,516,-1,572,574,581,-1,581,574,576,-1,581,576,578,-1,566,568,581,-1,581,568,570,-1,581,570,572,-1,560,562,581,-1,581,562,564,-1,581,564,566,-1,554,556,581,-1,581,556,558,-1,581,558,560,-1,548,550,581,-1,581,550,552,-1,581,552,554,-1,582,583,584,-1,584,583,585,-1,584,585,586,-1,586,585,587,-1,586,587,588,-1,588,587,589,-1,588,589,590,-1,590,589,591,-1,590,591,592,-1,592,591,593,-1,592,593,594,-1,594,593,595,-1,594,595,596,-1,596,595,597,-1,596,597,598,-1,598,597,599,-1,598,599,600,-1,600,599,601,-1,600,601,602,-1,602,601,603,-1,602,603,604,-1,604,603,605,-1,604,605,606,-1,606,605,607,-1,606,607,608,-1,608,607,609,-1,608,609,610,-1,610,609,611,-1,610,611,612,-1,612,611,613,-1,612,613,614,-1,614,613,615,-1,614,615,616,-1,616,615,617,-1,616,617,618,-1,618,617,619,-1,618,619,620,-1,620,619,621,-1,620,621,622,-1,622,621,623,-1,622,623,624,-1,624,623,625,-1,624,625,626,-1,626,625,627,-1,626,627,628,-1,628,627,629,-1,628,629,630,-1,630,629,631,-1,630,631,632,-1,632,631,633,-1,632,633,634,-1,634,633,635,-1,634,635,636,-1,636,635,637,-1,636,637,638,-1,638,637,639,-1,638,639,640,-1,640,639,641,-1,640,641,642,-1,642,641,643,-1,642,643,644,-1,644,643,645,-1,644,645,646,-1,646,645,647,-1,646,647,648,-1,648,647,649,-1,648,649,582,-1,582,649,583,-1,615,613,650,-1,621,619,650,-1,650,619,617,-1,650,617,615,-1,627,625,650,-1,650,625,623,-1,650,623,621,-1,633,631,650,-1,650,631,629,-1,650,629,627,-1,639,637,650,-1,650,637,635,-1,650,635,633,-1,645,643,650,-1,650,643,641,-1,650,641,639,-1,583,649,650,-1,650,649,647,-1,650,647,645,-1,589,587,650,-1,650,587,585,-1,650,585,583,-1,595,593,650,-1,650,593,591,-1,650,591,589,-1,601,599,650,-1,650,599,597,-1,650,597,595,-1,607,605,650,-1,650,605,603,-1,650,603,601,-1,613,611,650,-1,650,611,609,-1,650,609,607,-1,616,618,651,-1,610,612,651,-1,651,612,614,-1,651,614,616,-1,604,606,651,-1,651,606,608,-1,651,608,610,-1,598,600,651,-1,651,600,602,-1,651,602,604,-1,592,594,651,-1,651,594,596,-1,651,596,598,-1,586,588,651,-1,651,588,590,-1,651,590,592,-1,648,582,651,-1,651,582,584,-1,651,584,586,-1,642,644,651,-1,651,644,646,-1,651,646,648,-1,636,638,651,-1,651,638,640,-1,651,640,642,-1,630,632,651,-1,651,632,634,-1,651,634,636,-1,624,626,651,-1,651,626,628,-1,651,628,630,-1,618,620,651,-1,651,620,622,-1,651,622,624,-1,
        ]
    }
}
Shape{
    appearance Appearance {
        material  Material 	{
            diffuseColor 0.20784313725490197 0.20784313725490197 0.20784313725490197
            specularColor 0.01568627450980392 0.01568627450980392 0.01568627450980392
            ambientIntensity 0.298
            transparency 0.0
            shininess 0.5
        }
    }
    geometry IndexedFaceSet {
        ccw TRUE
        solid FALSE
        coord DEF co Coordinate {
            point [
                -0.0391 1.0266 0.0787, -0.356 1.0266 0.0787, -0.4136 4.1681 0.0787, -2.9163 -2.9972 0.0787, -3.0315 -2.9972 0.0787, -3.0315 -1.8014 0.0787, 0.0185 -2.9972 0.0787, -0.4136 -2.9972 0.0787, -0.4136 -1.8014 0.0787, 0.573 -2.9972 0.0787, 0.0185 -1.8014 0.0787, 1.4132 -2.9972 0.0787, 0.573 -1.8014 0.0787, 1.9326 0.5897 0.0787, 1.8007 0.4896 0.0787, 1.4132 4.1681 0.0787, 1.4132 0.4324 0.0787, 3.0315 0.4324 0.0787, 2.744 0.4324 0.0787, 3.0315 4.1681 0.0787, 2.6993 0.4896 0.0787, 2.5674 0.5897 0.0787, 2.4142 0.6526 0.0787, 2.25 0.674 0.0787, 2.0858 0.6526 0.0787, 1.756 0.4324 0.0787, 1.6988 0.3591 0.0787, 1.4132 0.2808 0.0787, 1.6988 0.2808 0.0787, 1.4132 0.0342 0.0787, 1.6988 0.1327 0.0787, 3.0315 0.0342 0.0787, 2.8012 0.1327 0.0787, 3.0315 0.2808 0.0787, 2.8012 0.2808 0.0787, 2.8012 0.3591 0.0787, -1.4811 0.4324 0.0787, -1.756 0.4324 0.0787, -1.4811 4.1681 0.0787, -1.8007 0.4896 0.0787, -2.4142 0.6526 0.0787, -2.5674 0.5897 0.0787, -2.9163 4.1681 0.0787, -2.6993 0.4896 0.0787, -2.9163 0.4324 0.0787, -1.9326 0.5897 0.0787, -2.0858 0.6526 0.0787, -2.25 0.674 0.0787, -2.744 0.4324 0.0787, -2.8012 0.3591 0.0787, -2.9163 0.2808 0.0787, -2.8012 0.2808 0.0787, -2.9163 0.0342 0.0787, -2.8012 0.1327 0.0787, -1.4811 0.0342 0.0787, -1.6988 0.1327 0.0787, -1.4811 0.2808 0.0787, -1.6988 0.2808 0.0787, -1.6988 0.3591 0.0787, -0.4136 0.4324 0.0787, -0.4712 0.996 0.0787, -0.4712 0.9312 0.0787, -0.6095 0.4936 0.0787, -0.4818 0.937 0.0787, -0.5377 0.503 0.0787, -0.4712 0.5315 0.0787, -0.4712 0.4522 0.0787, -0.7064 1.0263 0.0787, -0.7637 1.0066 0.0787, -0.9357 4.1681 0.0787, -0.8117 0.9758 0.0787, -0.8549 0.9303 0.0787, -0.8441 0.5354 0.0787, -0.7925 0.4859 0.0787, -0.9357 0.4324 0.0787, -0.7373 0.4537 0.0787, -0.6677 0.5002 0.0787, -0.7116 0.5161 0.0787, -0.7535 0.5441 0.0787, -0.789 0.5837 0.0787, -0.8131 0.6293 0.0787, -0.8287 0.6933 0.0787, -0.8313 0.7376 0.0787, -0.8253 0.8015 0.0787, -0.8093 0.8523 0.0787, -0.6228 0.969 0.0787, -0.7573 0.9223 0.0787, -0.6776 0.9629 0.0787, -0.721 0.9469 0.0787, -0.7848 0.8933 0.0787, -0.5444 0.9603 0.0787, -0.9105 0.7424 0.0787, -0.902 0.6586 0.0787, -0.8793 0.5913 0.0787, -0.5342 1.0218 0.0787, -0.6176 1.0335 0.0787, -0.6337 1.0338 0.0787, -0.8864 0.8747 0.0787, -0.9047 0.8114 0.0787, -0.6726 0.4342 0.0787, -0.6519 0.4324 0.0787, -0.9357 0.2808 0.0787, -0.6102 0.4288 0.0787, -0.4136 0.2808 0.0787, -0.558 0.4324 0.0787, -0.5395 0.4337 0.0787, 1.4132 -1.8014 0.0787, 3.0315 -2.9972 0.0787, 3.0315 -1.8014 0.0787, -2.9163 -1.8014 0.0787, -1.4811 -2.9972 0.0787, -1.4811 -1.8014 0.0787, 2.8012 -0.2906 0.0787, 2.8012 -0.0642 0.0787, 1.6988 -0.0642 0.0787, 1.6988 -0.2906 0.0787, 1.8007 -0.4211 0.0787, 2.4142 -0.5841 0.0787, 2.5674 -0.5212 0.0787, 2.6993 -0.4211 0.0787, 1.9326 -0.5212 0.0787, 2.0858 -0.5841 0.0787, 2.25 -0.6055 0.0787, -2.8012 -0.2906 0.0787, -2.6993 -0.4211 0.0787, -2.5674 -0.5212 0.0787, -1.9326 -0.5212 0.0787, -1.8007 -0.4211 0.0787, -1.6988 -0.2906 0.0787, -1.6988 -0.0642 0.0787, -2.8012 -0.0642 0.0787, -2.4142 -0.5841 0.0787, -2.25 -0.6055 0.0787, -2.0858 -0.5841 0.0787, -0.4136 0.0342 0.0787, -0.9357 0.0342 0.0787, -0.9357 -1.8014 0.0787, -0.9357 -2.9972 0.0787, 0.573 0.0342 0.0787, 0.573 0.2808 0.0787, 0.573 0.4324 0.0787, 1.0412 1.0266 0.0787, 0.9814 0.8609 0.0787, 0.7375 0.8609 0.0787, 0.6811 1.0266 0.0787, 0.573 4.1681 0.0787, 0.5947 1.0266 0.0787, 0.8179 0.436 0.0787, 0.8971 0.436 0.0787, 1.1276 1.0266 0.0787, 0.3281 0.4452 0.0787, 0.3972 0.4694 0.0787, 0.4557 0.5075 0.0787, 0.0185 0.0342 0.0787, 0.0185 0.2808 0.0787, 0.0185 0.4324 0.0787, 0.2428 0.436 0.0787, 0.522 0.8644 0.0787, 0.4889 0.9165 0.0787, 0.4406 0.9632 0.0787, 0.3795 0.9992 0.0787, 0.3115 1.0199 0.0787, 0.2367 1.0266 0.0787, 0.0185 4.1681 0.0787, 0.0761 1.0266 0.0787, 0.0761 0.436 0.0787, 0.4787 0.5287 0.0787, 0.5141 0.575 0.0787, 0.5389 0.6323 0.0787, 0.5503 0.6947 0.0787, 0.5514 0.7239 0.0787, 0.5432 0.8029 0.0787, -0.356 0.436 0.0787, -0.0535 0.436 0.0787, -0.0391 0.9618 0.0787, -0.0535 0.5009 0.0787, -0.2768 0.7601 0.0787, -0.2768 0.9618 0.0787, -0.0679 0.7601 0.0787, -0.0679 0.6953 0.0787, -0.2768 0.6953 0.0787, -0.2768 0.5009 0.0787, -0.9609 0.9618 0.0787, -0.9609 1.0266 0.0787, -1.2634 1.0266 0.0787, -1.2634 0.436 0.0787, -1.1842 0.436 0.0787, -1.1842 0.9618 0.0787, -3.0315 0.0342 0.0787, -3.0315 0.2808 0.0787, -3.0315 0.4324 0.0787, -3.0315 4.1681 0.0787
            ]
        }
        coordIndex [
            0,1,2,-1,3,4,5,-1,6,7,8,-1,9,6,10,-1,11,9,12,-1,13,14,15,-1,15,14,16,-1,17,18,19,-1,19,18,20,-1,19,20,21,-1,21,22,19,-1,19,22,23,-1,19,23,15,-1,15,23,24,-1,15,24,13,-1,14,25,16,-1,16,25,26,-1,16,26,27,-1,27,26,28,-1,27,28,29,-1,29,28,30,-1,29,30,31,-1,31,30,32,-1,31,32,33,-1,33,32,34,-1,33,34,17,-1,17,34,35,-1,17,35,18,-1,36,37,38,-1,38,37,39,-1,40,41,42,-1,42,41,43,-1,42,43,44,-1,39,45,38,-1,38,45,46,-1,38,46,42,-1,42,46,47,-1,42,47,40,-1,43,48,44,-1,44,48,49,-1,44,49,50,-1,50,49,51,-1,50,51,52,-1,52,51,53,-1,52,53,54,-1,54,53,55,-1,54,55,56,-1,56,55,57,-1,56,57,36,-1,36,57,58,-1,36,58,37,-1,2,59,60,-1,60,59,61,-1,62,63,64,-1,64,63,61,-1,64,61,65,-1,65,61,59,-1,65,59,66,-1,67,68,69,-1,69,68,70,-1,69,70,71,-1,72,73,74,-1,74,73,75,-1,62,76,63,-1,63,76,77,-1,63,77,78,-1,78,79,63,-1,63,79,80,-1,63,80,81,-1,81,82,63,-1,63,82,83,-1,63,83,84,-1,85,86,87,-1,87,86,88,-1,84,89,63,-1,63,89,86,-1,63,86,90,-1,90,86,85,-1,91,92,74,-1,74,92,93,-1,74,93,72,-1,60,94,2,-1,2,94,95,-1,2,95,69,-1,69,95,96,-1,69,96,67,-1,71,97,69,-1,69,97,98,-1,69,98,91,-1,75,99,74,-1,74,99,100,-1,74,100,101,-1,100,102,103,-1,103,102,104,-1,103,104,59,-1,59,104,105,-1,59,105,66,-1,11,106,107,-1,107,106,108,-1,3,109,110,-1,110,109,111,-1,108,112,31,-1,31,112,113,-1,31,113,29,-1,113,114,29,-1,29,114,115,-1,29,115,106,-1,106,115,116,-1,117,118,108,-1,108,118,119,-1,108,119,112,-1,116,120,106,-1,106,120,121,-1,106,121,108,-1,108,121,122,-1,108,122,117,-1,52,123,109,-1,109,123,124,-1,109,124,125,-1,126,127,111,-1,111,127,128,-1,111,128,54,-1,54,128,129,-1,54,129,52,-1,52,129,130,-1,52,130,123,-1,125,131,109,-1,109,131,132,-1,109,132,111,-1,111,132,133,-1,111,133,126,-1,100,103,101,-1,101,103,134,-1,101,134,135,-1,135,134,8,-1,135,8,136,-1,136,8,7,-1,136,7,137,-1,11,12,106,-1,106,12,138,-1,106,138,29,-1,29,138,139,-1,29,139,27,-1,27,139,140,-1,27,140,16,-1,141,142,143,-1,15,144,145,-1,145,144,146,-1,145,146,140,-1,146,147,140,-1,140,147,148,-1,140,148,16,-1,16,148,149,-1,16,149,15,-1,15,149,141,-1,15,141,144,-1,144,141,143,-1,150,151,140,-1,140,151,152,-1,9,10,12,-1,12,10,153,-1,12,153,138,-1,138,153,154,-1,138,154,139,-1,139,154,155,-1,139,155,140,-1,140,155,156,-1,140,156,150,-1,157,158,145,-1,145,158,159,-1,145,159,160,-1,160,161,145,-1,145,161,162,-1,145,162,163,-1,163,162,164,-1,163,164,155,-1,155,164,165,-1,155,165,156,-1,152,166,140,-1,140,166,167,-1,140,167,168,-1,168,169,140,-1,140,169,170,-1,140,170,145,-1,145,170,171,-1,145,171,157,-1,2,1,59,-1,59,1,172,-1,59,172,173,-1,2,163,0,-1,0,163,155,-1,0,155,174,-1,174,155,175,-1,6,8,10,-1,10,8,134,-1,10,134,153,-1,153,134,103,-1,153,103,154,-1,154,103,59,-1,154,59,155,-1,155,59,173,-1,155,173,175,-1,176,177,178,-1,178,177,174,-1,178,174,179,-1,179,174,175,-1,179,175,180,-1,180,175,181,-1,74,182,183,-1,91,74,69,-1,69,74,183,-1,69,183,38,-1,38,183,184,-1,38,184,36,-1,36,184,185,-1,36,185,186,-1,187,182,186,-1,186,182,74,-1,186,74,36,-1,36,74,101,-1,36,101,56,-1,56,101,135,-1,56,135,54,-1,54,135,136,-1,54,136,111,-1,111,136,137,-1,111,137,110,-1,3,5,109,-1,109,5,188,-1,109,188,52,-1,52,188,189,-1,52,189,50,-1,50,189,190,-1,50,190,44,-1,44,190,191,-1,44,191,42,-1,
        ]
    }
}
Shape{
    appearance Appearance {
        material  Material 	{
            diffuseColor 0.8509803921568627 0.8509803921568627 0.8509803921568627
            specularColor 0.4235294117647059 0.4235294117647059 0.4235294117647059
            ambientIntensity 0.851
            transparency 0.0
            shininess 0.5
        }
    }
    geometry IndexedFaceSet {
        ccw TRUE
        solid FALSE
        coord DEF co Coordinate {
            point [
                2.6181 -2.9972 3.4843, 2.6181 -3.076 3.4843, 2.6181 -2.9972 3.5236, 2.6181 -3.076 4.5145, 2.6181 -2.9972 4.5145, -2.6181 -2.9972 2.5787, -2.6181 -3.076 2.5787, -2.6181 -2.9972 2.5394, -2.6181 -3.076 1.5224, -2.6181 -2.9972 1.5354, -2.6181 -2.9972 1.5224
            ]
        }
        coordIndex [
            0,1,2,-1,2,1,3,-1,2,3,4,-1,5,6,7,-1,7,6,8,-1,7,8,9,-1,9,8,10,-1,
        ]
    }
}
Shape{
    appearance Appearance {
        material  Material 	{
            diffuseColor 0.20784313725490197 0.20784313725490197 0.20784313725490197
            specularColor 0.01568627450980392 0.01568627450980392 0.01568627450980392
            ambientIntensity 0.298
            transparency 0.0
            shininess 0.5
        }
    }
    geometry IndexedFaceSet {
        ccw TRUE
        solid FALSE
        coord DEF co Coordinate {
            point [
                2.8012 -0.0642 0.0787, 2.8012 -0.2906 0.0787, 2.8012 -0.0642 -0.5118, 2.8012 -0.2906 -0.5118, 1.6988 -0.0642 -0.5118, 1.6988 -0.2906 -0.5118, 1.6988 -0.0642 0.0787, 1.6988 -0.2906 0.0787, 1.8007 -0.4211 -0.5118, 1.9326 -0.5212 -0.5118, 2.0858 -0.5841 -0.5118, 2.6993 -0.4211 -0.5118, 2.5674 -0.5212 -0.5118, 2.4142 -0.5841 -0.5118, 2.25 -0.6055 -0.5118, -1.6988 -0.0642 0.0787, -1.6988 -0.2906 0.0787, -1.6988 -0.0642 -0.5118, -1.6988 -0.2906 -0.5118, -2.8012 -0.0642 -0.5118, -2.8012 -0.2906 -0.5118, -2.8012 -0.0642 0.0787, -2.8012 -0.2906 0.0787, -1.9326 -0.5212 -0.5118, -1.8007 -0.4211 -0.5118, -2.0858 -0.5841 -0.5118, -2.25 -0.6055 -0.5118, -2.4142 -0.5841 -0.5118, -2.6993 -0.4211 -0.5118, -2.5674 -0.5212 -0.5118
            ]
        }
        coordIndex [
            0,1,2,-1,2,1,3,-1,4,5,6,-1,6,5,7,-1,5,4,8,-1,8,4,2,-1,8,2,9,-1,9,2,10,-1,3,11,2,-1,2,11,12,-1,12,13,2,-1,2,13,14,-1,2,14,10,-1,15,16,17,-1,17,16,18,-1,19,20,21,-1,21,20,22,-1,23,17,24,-1,24,17,18,-1,23,25,17,-1,17,25,26,-1,17,26,27,-1,20,19,28,-1,28,19,17,-1,28,17,29,-1,29,17,27,-1,
        ]
    }
}
Shape{
    appearance Appearance {
        material  Material 	{
            diffuseColor 0.8509803921568627 0.8509803921568627 0.8509803921568627
            specularColor 0.4235294117647059 0.4235294117647059 0.4235294117647059
            ambientIntensity 0.851
            transparency 0.0
            shininess 0.5
        }
    }
    geometry IndexedFaceSet {
        ccw TRUE
        solid FALSE
        coord DEF co Coordinate {
            point [
                2.6969 -2.9972 3.5236, 2.6969 -2.9972 2.5394, 2.6181 -2.9972 2.5787, 2.6181 -2.9972 2.5394, 2.6181 -2.9972 3.5236, 2.6181 -2.9972 3.4843, 2.6064 -2.9972 3.4843, 2.6064 -2.9972 2.5787, -2.6181 -2.9972 4.5276, 2.6181 -2.9972 4.5276, -2.6181 -2.9972 4.5145, 2.6181 -2.9972 4.5145, 2.6064 -3.076 3.4843, 2.6064 -3.076 2.5787, 2.6181 -3.076 3.4843, 2.6181 -3.076 2.5787, -1.1081 -3.076 0.8927, -1.5048 -3.076 0.8927, -3.0315 -3.076 0.1838, -1.5048 -3.076 1.5224, 1.5052 -3.076 1.5224, 1.5052 -3.076 0.8927, 3.0315 -3.076 0.1838, -1.1081 -3.076 0.5242, 1.1151 -3.076 0.5242, 1.1151 -3.076 0.8927, -2.6181 -3.076 1.5224, -2.6181 -3.076 2.5787, -3.0315 -3.076 5.2756, -2.6064 -3.076 2.5787, -2.6064 -3.076 3.4843, -2.6181 -3.076 3.4843, -2.6181 -3.076 4.5145, 3.0315 -3.076 5.2756, 2.6181 -3.076 4.5145, 2.6181 -3.076 1.5224, -2.6969 -2.9972 2.5394, -2.6969 -2.9972 3.5236, -2.6181 -2.9972 3.4843, -2.6181 -2.9972 3.5236, -2.6181 -2.9972 2.5394, -2.6181 -2.9972 2.5787, -2.6064 -2.9972 2.5787, -2.6064 -2.9972 3.4843
            ]
        }
        coordIndex [
            0,1,2,-1,2,1,3,-1,4,0,5,-1,5,0,2,-1,5,2,6,-1,6,2,7,-1,8,9,10,-1,10,9,11,-1,12,13,14,-1,14,13,15,-1,16,17,18,-1,18,17,19,-1,20,21,22,-1,16,18,23,-1,23,18,22,-1,23,22,24,-1,24,22,21,-1,24,21,25,-1,19,26,18,-1,18,26,27,-1,18,27,28,-1,29,30,27,-1,27,30,31,-1,27,31,28,-1,28,31,32,-1,28,32,33,-1,33,32,34,-1,34,14,33,-1,33,14,15,-1,33,15,22,-1,22,15,35,-1,22,35,20,-1,36,37,38,-1,38,37,39,-1,40,36,41,-1,41,36,38,-1,41,38,42,-1,42,38,43,-1,
        ]
    }
}
Shape{
    appearance Appearance {
        material  Material 	{
            diffuseColor 0.20784313725490197 0.20784313725490197 0.20784313725490197
            specularColor 0.01568627450980392 0.01568627450980392 0.01568627450980392
            ambientIntensity 0.298
            transparency 0.0
            shininess 0.5
        }
    }
    geometry IndexedFaceSet {
        ccw TRUE
        solid FALSE
        coord DEF co Coordinate {
            point [
                -3.0315 -3.076 0.1838, -3.0315 -3.076 5.2756, -3.0315 -2.9972 0.1838, -3.0315 4.1681 5.2756, -3.0315 -2.9972 0.0787, -3.0315 4.1681 0.0787
            ]
        }
        coordIndex [
            0,1,2,-1,2,1,3,-1,2,3,4,-1,4,3,5,-1,
        ]
    }
}
Shape{
    appearance Appearance {
        material  Material 	{
            diffuseColor 0.8509803921568627 0.8509803921568627 0.8509803921568627
            specularColor 0.4235294117647059 0.4235294117647059 0.4235294117647059
            ambientIntensity 0.851
            transparency 0.0
            shininess 0.5
        }
    }
    geometry IndexedFaceSet {
        ccw TRUE
        solid FALSE
        coord DEF co Coordinate {
            point [
                3.0315 -3.076 0.1838, -3.0315 -3.076 0.1838, 3.0315 -2.9972 0.1838, -3.0315 -2.9972 0.1838
            ]
        }
        coordIndex [
            0,1,2,-1,2,1,3,-1,
        ]
    }
}
Shape{
    appearance Appearance {
        material  Material 	{
            diffuseColor 0.20784313725490197 0.20784313725490197 0.20784313725490197
            specularColor 0.01568627450980392 0.01568627450980392 0.01568627450980392
            ambientIntensity 0.298
            transparency 0.0
            shininess 0.5
        }
    }
    geometry IndexedFaceSet {
        ccw TRUE
        solid FALSE
        coord DEF co Coordinate {
            point [
                3.0315 -2.9972 0.0787, 3.0315 4.1681 0.0787, 3.0315 -2.9972 0.1838, 3.0315 4.1681 5.2756, 3.0315 -3.076 0.1838, 3.0315 -3.076 5.2756, -3.0315 4.1681 5.2756, -3.0315 -3.076 5.2756
            ]
        }
        coordIndex [
            0,1,2,-1,2,1,3,-1,2,3,4,-1,4,3,5,-1,6,7,3,-1,3,7,5,-1,
        ]
    }
}
Shape{
    appearance Appearance {
        material  Material 	{
            diffuseColor 0.8509803921568627 0.8509803921568627 0.8509803921568627
            specularColor 0.4235294117647059 0.4235294117647059 0.4235294117647059
            ambientIntensity 0.851
            transparency 0.0
            shininess 0.5
        }
    }
    geometry IndexedFaceSet {
        ccw TRUE
        solid FALSE
        coord DEF co Coordinate {
            point [
                2.6181 -2.9972 1.5224, 2.6181 -3.076 1.5224, 2.6181 -2.9972 1.5354, 2.6181 -3.076 2.5787, 2.6181 -2.9972 2.5394, 2.6181 -2.9972 2.5787, 2.6181 -3.076 4.5145, -2.6181 -3.076 4.5145, 2.6181 -2.9972 4.5145, -2.6181 -2.9972 4.5145, -2.6181 -2.9972 3.5236, -2.6181 -3.076 3.4843, -2.6181 -2.9972 3.4843, -2.6181 -3.076 1.5224, -1.5048 -3.076 1.5224, -2.6181 -2.9972 1.5224, -1.5048 -2.9972 1.5224, -1.5048 -3.076 0.8927, -1.5048 -2.9972 0.8927, -1.1081 -3.076 0.8927, -1.1081 -2.9972 0.8927, -1.1081 -3.076 0.5242, -1.1081 -2.9972 0.5242, 1.1151 -3.076 0.5242, 1.1151 -2.9972 0.5242, 1.1151 -3.076 0.8927, 1.1151 -2.9972 0.8927, 1.5052 -3.076 0.8927, 1.5052 -2.9972 0.8927, 1.5052 -3.076 1.5224, 1.5052 -2.9972 1.5224
            ]
        }
        coordIndex [
            0,1,2,-1,2,1,3,-1,2,3,4,-1,4,3,5,-1,6,7,8,-1,8,7,9,-1,9,7,10,-1,10,7,11,-1,10,11,12,-1,13,14,15,-1,15,14,16,-1,14,17,16,-1,16,17,18,-1,17,19,18,-1,18,19,20,-1,19,21,20,-1,20,21,22,-1,21,23,22,-1,22,23,24,-1,23,25,24,-1,24,25,26,-1,25,27,26,-1,26,27,28,-1,27,29,28,-1,28,29,30,-1,29,1,30,-1,30,1,0,-1,
        ]
    }
}
Shape{
    appearance Appearance {
        material  Material 	{
            diffuseColor 0.20784313725490197 0.20784313725490197 0.20784313725490197
            specularColor 0.01568627450980392 0.01568627450980392 0.01568627450980392
            ambientIntensity 0.298
            transparency 0.0
            shininess 0.5
        }
    }
    geometry IndexedFaceSet {
        ccw TRUE
        solid FALSE
        coord DEF co Coordinate {
            point [
                2.5 -2.8565 1.6535, 2.5 1.3335 1.6535, 1.3189 -2.8565 1.6535, 1.3189 1.3335 1.6535, 1.3189 -2.8565 1.063, 1.3189 1.3335 1.063, 0.9252 -2.8565 1.063, 0.9252 1.3335 1.063, 0.9252 -2.8565 0.6693, 0.9252 1.3335 0.6693, -0.9252 -2.8565 0.6693, -0.9252 1.3335 0.6693, -0.9252 -2.8565 1.063, -0.9252 1.3335 1.063, -1.3189 -2.8565 1.063, -1.3189 1.3335 1.063, -1.3189 -2.8565 1.6535, -1.3189 1.3335 1.6535, -2.5 -2.8565 1.6535, -2.5 1.3335 1.6535
            ]
        }
        coordIndex [
            0,1,2,-1,2,1,3,-1,2,3,4,-1,4,3,5,-1,4,5,6,-1,6,5,7,-1,6,7,8,-1,8,7,9,-1,10,11,12,-1,12,11,13,-1,12,13,14,-1,14,13,15,-1,14,15,16,-1,16,15,17,-1,16,17,18,-1,18,17,19,-1,
        ]
    }
}
Shape{
    appearance Appearance {
        material  Material 	{
            diffuseColor 0.9490196078431372 0.7607843137254902 0.1803921568627451
            specularColor 0.7607843137254902 0.6078431372549019 0.1450980392156863
            ambientIntensity 0.7509
            transparency 0.0
            shininess 0.5
        }
    }
    geometry IndexedFaceSet {
        ccw TRUE
        solid FALSE
        coord DEF co Coordinate {
            point [
                1.4449 0.8223 3.1656, 1.4259 0.8194 3.1583, 1.4055 0.8473 3.229, 1.4055 0.8184 3.1558, 1.3851 0.8194 3.1583, 1.4816 0.8399 3.2101, 1.4737 0.8329 3.1924, 1.4612 0.8269 3.1772, 1.4737 0.8618 3.2657, 1.4816 0.8548 3.248, 1.4843 0.8473 3.229, 1.4259 0.8753 3.2998, 1.4449 0.8724 3.2925, 1.4612 0.8678 3.2808, 1.3661 0.8724 3.2925, 1.3851 0.8753 3.2998, 1.4055 0.8762 3.3023, 1.3295 0.8548 3.248, 1.3373 0.8618 3.2657, 1.3498 0.8678 3.2808, 1.3373 0.8329 3.1924, 1.3295 0.8399 3.2101, 1.3268 0.8473 3.229, 1.3661 0.8223 3.1656, 1.3498 0.8269 3.1772
            ]
        }
        coordIndex [
            0,1,2,-1,2,1,3,-1,2,3,4,-1,5,6,2,-1,2,6,7,-1,2,7,0,-1,8,9,2,-1,2,9,10,-1,2,10,5,-1,11,12,2,-1,2,12,13,-1,2,13,8,-1,14,15,2,-1,2,15,16,-1,2,16,11,-1,17,18,2,-1,2,18,19,-1,2,19,14,-1,20,21,2,-1,2,21,22,-1,2,22,17,-1,4,23,2,-1,2,23,24,-1,2,24,20,-1,
        ]
    }
}
Shape{
    appearance Appearance {
        material  Material 	{
            diffuseColor 0.20784313725490197 0.20784313725490197 0.20784313725490197
            specularColor 0.01568627450980392 0.01568627450980392 0.01568627450980392
            ambientIntensity 0.298
            transparency 0.0
            shininess 0.5
        }
    }
    geometry IndexedFaceSet {
        ccw TRUE
        solid FALSE
        coord DEF co Coordinate {
            point [
                2.5 -2.8565 2.5394, 2.5 1.3335 2.5394, 2.5 -2.8565 1.6535, 2.5 1.3335 1.6535, -2.5 -2.8565 1.6535, -2.5 1.3335 1.6535, -2.5 -2.8565 2.5394, -2.5 1.3335 2.5394, -1.437 -2.9972 1.5354, -1.3189 -2.8565 1.6535, -2.6181 -2.9972 1.5354, -1.437 -2.9972 0.9449, -1.3189 -2.8565 1.063, -1.0433 -2.9972 0.9449, -0.9252 -2.8565 1.063, -1.0433 -2.9972 0.6693, -0.9252 -2.8565 0.6693, 0.9252 1.3335 0.6693, -0.9252 1.3335 0.6693, 0.9252 -2.8565 0.6693, 1.0433 -2.9972 0.6693, 1.0433 -2.9972 0.9449, 0.9252 -2.8565 1.063, 1.437 -2.9972 0.9449, 1.3189 -2.8565 1.063, 1.437 -2.9972 1.5354, 1.3189 -2.8565 1.6535, 2.6969 1.3335 2.5394, 2.6969 1.3335 3.5236, 2.5 1.3335 3.5236, -2.6969 1.3335 3.5236, -2.6969 1.3335 2.5394, -2.5 1.3335 3.5236, 0.9252 1.3335 1.063, 1.3189 1.3335 1.063, 1.3189 1.3335 1.6535, -0.9252 1.3335 1.063, -1.3189 1.3335 1.6535, -1.3189 1.3335 1.063, -1.9921 1.3335 4.4095, -2.5 1.3335 4.4095, 2.5 1.3335 4.4095, 1.2047 1.3335 4.4095, 0.8031 1.3335 4.4095, 0.4016 1.3335 4.4095, 0.0 1.3335 4.4095, -0.4016 1.3335 4.4095, -0.8031 1.3335 4.4095, -1.2047 1.3335 4.4095, -2.5 -2.8565 4.4095, -2.5 -2.8565 3.5236, -2.5 -2.6079 4.4095, 2.5 -2.6079 4.4095, 2.5 -2.8565 3.5236, 2.5 -2.8565 4.4095
            ]
        }
        coordIndex [
            0,1,2,-1,2,1,3,-1,4,5,6,-1,6,5,7,-1,8,9,10,-1,10,9,4,-1,11,12,8,-1,8,12,9,-1,13,14,11,-1,11,14,12,-1,15,16,13,-1,13,16,14,-1,17,18,19,-1,19,18,16,-1,19,16,20,-1,20,16,15,-1,21,22,20,-1,20,22,19,-1,23,24,21,-1,21,24,22,-1,25,26,23,-1,23,26,24,-1,27,28,1,-1,1,28,29,-1,30,31,32,-1,32,31,7,-1,33,34,35,-1,35,3,1,-1,18,17,36,-1,36,17,37,-1,36,37,38,-1,35,39,33,-1,33,39,40,-1,33,40,17,-1,17,40,32,-1,17,32,37,-1,37,32,7,-1,37,7,5,-1,41,42,29,-1,29,42,43,-1,29,43,1,-1,1,43,44,-1,1,44,35,-1,35,44,45,-1,35,45,46,-1,46,47,35,-1,35,47,48,-1,35,48,39,-1,49,50,51,-1,51,50,32,-1,51,32,40,-1,41,29,52,-1,52,29,53,-1,52,53,54,-1,
        ]
    }
}
Shape{
    appearance Appearance {
        material  Material 	{
            diffuseColor 0.9490196078431372 0.7607843137254902 0.1803921568627451
            specularColor 0.7607843137254902 0.6078431372549019 0.1450980392156863
            ambientIntensity 0.7509
            transparency 0.0
            shininess 0.5
        }
    }
    geometry IndexedFaceSet {
        ccw TRUE
        solid FALSE
        coord DEF co Coordinate {
            point [
                1.3661 -1.9589 4.4095, 1.3754 -1.9465 4.4095, 1.3851 0.8753 3.2998, 1.3851 -1.9375 4.4095, 1.3902 -1.9343 4.4095, 1.3661 0.8223 3.1656, 1.3498 -2.2964 4.4095, 1.3498 0.8269 3.1772, 1.3373 -2.252 4.4095, 1.3373 0.8329 3.1924, 1.3295 -2.2003 4.4095, 1.3295 0.8399 3.2101, 1.3268 -2.1447 4.4095, 1.3268 0.8473 3.229, 1.3295 -2.0892 4.4095, 1.3295 0.8548 3.248, 1.3373 -2.0374 4.4095, 1.3373 0.8618 3.2657, 1.3498 -1.993 4.4095, 1.3498 0.8678 3.2808, 1.3661 0.8724 3.2925, 1.3851 0.8194 3.1583, 1.3754 -2.3429 4.4095, 1.3661 -2.3305 4.4095, 1.4004 -2.3588 4.4095, 1.3952 -2.3574 4.4095, 1.4055 0.8184 3.1558, 1.3902 -2.3552 4.4095, 1.3851 -2.352 4.4095, 1.4158 -2.3574 4.4095, 1.4107 -2.3588 4.4095, 1.4055 -2.3593 4.4095, 1.4449 -2.3305 4.4095, 1.4356 -2.3429 4.4095, 1.4259 0.8194 3.1583, 1.4259 -2.352 4.4095, 1.4209 -2.3552 4.4095, 1.4449 0.8223 3.1656, 1.4612 0.8269 3.1772, 1.4612 -2.2964 4.4095, 1.4737 0.8329 3.1924, 1.4737 -2.252 4.4095, 1.4816 0.8399 3.2101, 1.4816 -2.2003 4.4095, 1.4843 0.8473 3.229, 1.4843 -2.1447 4.4095, 1.4816 0.8548 3.248, 1.4816 -2.0892 4.4095, 1.4737 0.8618 3.2657, 1.4737 -2.0374 4.4095, 1.4612 0.8678 3.2808, 1.4612 -1.993 4.4095, 1.4449 0.8724 3.2925, 1.4449 -1.9589 4.4095, 1.3952 -1.932 4.4095, 1.4004 -1.9306 4.4095, 1.4055 0.8762 3.3023, 1.4055 -1.9302 4.4095, 1.4259 0.8753 3.2998, 1.4107 -1.9306 4.4095, 1.4158 -1.932 4.4095, 1.4209 -1.9343 4.4095, 1.4259 -1.9375 4.4095, 1.4356 -1.9465 4.4095
            ]
        }
        coordIndex [
            0,1,2,-1,2,1,3,-1,2,3,4,-1,5,6,7,-1,7,6,8,-1,7,8,9,-1,9,8,10,-1,9,10,11,-1,11,10,12,-1,11,12,13,-1,13,12,14,-1,13,14,15,-1,15,14,16,-1,15,16,17,-1,17,16,18,-1,17,18,19,-1,19,18,0,-1,19,0,20,-1,20,0,2,-1,21,22,5,-1,5,22,23,-1,5,23,6,-1,24,25,26,-1,26,25,27,-1,26,27,21,-1,21,27,28,-1,21,28,22,-1,29,30,26,-1,26,30,31,-1,26,31,24,-1,32,33,34,-1,34,33,35,-1,34,35,26,-1,26,35,36,-1,26,36,29,-1,34,37,32,-1,32,37,38,-1,32,38,39,-1,39,38,40,-1,39,40,41,-1,41,40,42,-1,41,42,43,-1,43,42,44,-1,43,44,45,-1,45,44,46,-1,45,46,47,-1,47,46,48,-1,47,48,49,-1,49,48,50,-1,49,50,51,-1,51,50,52,-1,51,52,53,-1,4,54,2,-1,2,54,55,-1,2,55,56,-1,56,55,57,-1,56,57,58,-1,58,57,59,-1,58,59,60,-1,60,61,58,-1,58,61,62,-1,58,62,52,-1,52,62,63,-1,52,63,53,-1,
        ]
    }
}
Shape{
    appearance Appearance {
        material  Material 	{
            diffuseColor 0.20784313725490197 0.20784313725490197 0.20784313725490197
            specularColor 0.01568627450980392 0.01568627450980392 0.01568627450980392
            ambientIntensity 0.298
            transparency 0.0
            shininess 0.5
        }
    }
    geometry IndexedFaceSet {
        ccw TRUE
        solid FALSE
        coord DEF co Coordinate {
            point [
                2.6181 -2.9972 2.5394, 2.5 -2.8565 2.5394, 2.6181 -2.9972 1.5354, 2.5 -2.8565 1.6535, 2.6969 1.3335 2.5394, 2.5 1.3335 2.5394, 2.6969 -2.9972 2.5394, 2.6969 1.3335 3.5236, 2.6969 -2.9972 3.5236, 2.6181 -2.9972 4.5276, 2.5 -2.8565 4.4095, 2.6181 -2.9972 4.5145, 2.5 -2.8565 3.5236, 2.6181 -2.9972 3.5236, 1.2047 -2.8565 4.4095, 1.2047 -2.6079 4.4095, 2.5 -2.6079 4.4095, -2.5 -2.8565 4.4095, -2.5 -2.6079 4.4095, -1.9921 -2.8565 4.4095, -1.9921 -2.6079 4.4095, -1.2047 -2.8565 4.4095, -1.2047 -2.6079 4.4095, 1.3661 -1.9589 4.4095, 1.3498 -1.993 4.4095, 1.2047 1.3335 4.4095, 1.3373 -2.0374 4.4095, 1.3295 -2.0892 4.4095, 1.3268 -2.1447 4.4095, 1.3295 -2.2003 4.4095, 1.3373 -2.252 4.4095, 1.3498 -2.2964 4.4095, 2.5 1.3335 4.4095, 1.4449 -1.9589 4.4095, 1.3661 -2.3305 4.4095, 1.3754 -2.3429 4.4095, 1.3851 -2.352 4.4095, 1.4209 -2.3552 4.4095, 1.4259 -2.352 4.4095, 1.4356 -2.3429 4.4095, 1.4449 -2.3305 4.4095, 1.4612 -1.993 4.4095, 1.4737 -2.0374 4.4095, 1.4612 -2.2964 4.4095, 1.4737 -2.252 4.4095, 1.4816 -2.2003 4.4095, 1.4356 -1.9465 4.4095, 1.4259 -1.9375 4.4095, 1.4209 -1.9343 4.4095, 1.3902 -1.9343 4.4095, 1.3851 -1.9375 4.4095, 1.3754 -1.9465 4.4095, 1.3902 -2.3552 4.4095, 1.3952 -2.3574 4.4095, 1.4004 -2.3588 4.4095, 1.4055 -2.3593 4.4095, 1.4107 -2.3588 4.4095, 1.4158 -2.3574 4.4095, 1.4843 -2.1447 4.4095, 1.4816 -2.0892 4.4095, 1.4158 -1.932 4.4095, 1.4107 -1.9306 4.4095, 1.4055 -1.9302 4.4095, 1.4004 -1.9306 4.4095, 1.3952 -1.932 4.4095, 1.0341 -2.3429 4.4095, 1.0433 -2.3305 4.4095, 1.0596 -1.993 4.4095, 1.0433 -1.9589 4.4095, 0.9646 -1.9589 4.4095, 0.9483 -1.993 4.4095, 0.8031 1.3335 4.4095, 0.9357 -2.0374 4.4095, 0.8031 -2.6079 4.4095, 0.9279 -2.0892 4.4095, 0.9252 -2.1447 4.4095, 0.9279 -2.2003 4.4095, 0.9357 -2.252 4.4095, 0.9483 -2.2964 4.4095, 0.9646 -2.3305 4.4095, 0.9738 -2.3429 4.4095, 0.9836 -2.352 4.4095, 1.0596 -2.2964 4.4095, 1.0721 -2.252 4.4095, 1.08 -2.2003 4.4095, 1.0341 -1.9465 4.4095, 1.0243 -1.9375 4.4095, 1.0193 -1.9343 4.4095, 0.9886 -1.9343 4.4095, 0.9836 -1.9375 4.4095, 0.9738 -1.9465 4.4095, 0.9988 -2.3588 4.4095, 0.8031 -2.8565 4.4095, 1.0039 -2.3593 4.4095, 1.0091 -2.3588 4.4095, 1.0142 -2.3574 4.4095, 0.9886 -2.3552 4.4095, 0.9937 -2.3574 4.4095, 1.0193 -2.3552 4.4095, 1.0243 -2.352 4.4095, 1.0827 -2.1447 4.4095, 1.08 -2.0892 4.4095, 1.0721 -2.0374 4.4095, 1.0142 -1.932 4.4095, 1.0091 -1.9306 4.4095, 1.0039 -1.9302 4.4095, 0.9988 -1.9306 4.4095, 0.9937 -1.932 4.4095, 0.6325 -2.3429 4.4095, 0.6417 -2.3305 4.4095, 0.658 -1.993 4.4095, 0.6417 -1.9589 4.4095, 0.563 -1.9589 4.4095, 0.5467 -1.993 4.4095, 0.4016 1.3335 4.4095, 0.5342 -2.0374 4.4095, 0.4016 -2.6079 4.4095, 0.5263 -2.0892 4.4095, 0.5236 -2.1447 4.4095, 0.5263 -2.2003 4.4095, 0.5342 -2.252 4.4095, 0.5467 -2.2964 4.4095, 0.563 -2.3305 4.4095, 0.5722 -2.3429 4.4095, 0.582 -2.352 4.4095, 0.658 -2.2964 4.4095, 0.6706 -2.252 4.4095, 0.6784 -2.2003 4.4095, 0.6325 -1.9465 4.4095, 0.6227 -1.9375 4.4095, 0.6177 -1.9343 4.4095, 0.587 -1.9343 4.4095, 0.582 -1.9375 4.4095, 0.5722 -1.9465 4.4095, 0.5972 -2.3588 4.4095, 0.4016 -2.8565 4.4095, 0.6024 -2.3593 4.4095, 0.6075 -2.3588 4.4095, 0.6126 -2.3574 4.4095, 0.587 -2.3552 4.4095, 0.5921 -2.3574 4.4095, 0.6177 -2.3552 4.4095, 0.6227 -2.352 4.4095, 0.6811 -2.1447 4.4095, 0.6784 -2.0892 4.4095, 0.6706 -2.0374 4.4095, 0.6126 -1.932 4.4095, 0.6075 -1.9306 4.4095, 0.6024 -1.9302 4.4095, 0.5972 -1.9306 4.4095, 0.5921 -1.932 4.4095, 0.2309 -2.3429 4.4095, 0.2402 -2.3305 4.4095, 0.2565 -1.993 4.4095, 0.2402 -1.9589 4.4095, 0.1614 -1.9589 4.4095, 0.1451 -1.993 4.4095, 0.0 1.3335 4.4095, 0.1326 -2.0374 4.4095, 0.0 -2.6079 4.4095, 0.1247 -2.0892 4.4095, 0.122 -2.1447 4.4095, 0.1247 -2.2003 4.4095, 0.1326 -2.252 4.4095, 0.1451 -2.2964 4.4095, 0.1614 -2.3305 4.4095, 0.1707 -2.3429 4.4095, 0.1804 -2.352 4.4095, 0.1854 -1.9343 4.4095, 0.1804 -1.9375 4.4095, 0.1707 -1.9465 4.4095, 0.1956 -2.3588 4.4095, 0.0 -2.8565 4.4095, 0.2008 -2.3593 4.4095, 0.2059 -2.3588 4.4095, 0.2111 -2.3574 4.4095, 0.2565 -2.2964 4.4095, 0.269 -2.252 4.4095, 0.2768 -2.2003 4.4095, 0.2309 -1.9465 4.4095, 0.2212 -1.9375 4.4095, 0.2161 -1.9343 4.4095, 0.1854 -2.3552 4.4095, 0.1905 -2.3574 4.4095, 0.2161 -2.3552 4.4095, 0.2212 -2.352 4.4095, 0.2795 -2.1447 4.4095, 0.2768 -2.0892 4.4095, 0.269 -2.0374 4.4095, 0.2111 -1.932 4.4095, 0.2059 -1.9306 4.4095, 0.2008 -1.9302 4.4095, 0.1956 -1.9306 4.4095, 0.1905 -1.932 4.4095, -0.1707 -2.3429 4.4095, -0.1614 -2.3305 4.4095, -0.1451 -1.993 4.4095, -0.1614 -1.9589 4.4095, -0.2402 -1.9589 4.4095, -0.2565 -1.993 4.4095, -0.4016 1.3335 4.4095, -0.269 -2.0374 4.4095, -0.4016 -2.6079 4.4095, -0.2768 -2.0892 4.4095, -0.2795 -2.1447 4.4095, -0.2768 -2.2003 4.4095, -0.269 -2.252 4.4095, -0.2565 -2.2964 4.4095, -0.2402 -2.3305 4.4095, -0.2309 -2.3429 4.4095, -0.2212 -2.352 4.4095, -0.2161 -1.9343 4.4095, -0.2212 -1.9375 4.4095, -0.2309 -1.9465 4.4095, -0.2059 -2.3588 4.4095, -0.4016 -2.8565 4.4095, -0.2008 -2.3593 4.4095, -0.1956 -2.3588 4.4095, -0.1905 -2.3574 4.4095, -0.1451 -2.2964 4.4095, -0.1326 -2.252 4.4095, -0.1247 -2.2003 4.4095, -0.1707 -1.9465 4.4095, -0.1804 -1.9375 4.4095, -0.1854 -1.9343 4.4095, -0.2161 -2.3552 4.4095, -0.2111 -2.3574 4.4095, -0.1854 -2.3552 4.4095, -0.1804 -2.352 4.4095, -0.122 -2.1447 4.4095, -0.1247 -2.0892 4.4095, -0.1326 -2.0374 4.4095, -0.1905 -1.932 4.4095, -0.1956 -1.9306 4.4095, -0.2008 -1.9302 4.4095, -0.2059 -1.9306 4.4095, -0.2111 -1.932 4.4095, -0.5722 -2.3429 4.4095, -0.563 -2.3305 4.4095, -0.5467 -1.993 4.4095, -0.563 -1.9589 4.4095, -0.6417 -1.9589 4.4095, -0.658 -1.993 4.4095, -0.8031 1.3335 4.4095, -0.6706 -2.0374 4.4095, -0.8031 -2.6079 4.4095, -0.6784 -2.0892 4.4095, -0.6811 -2.1447 4.4095, -0.6784 -2.2003 4.4095, -0.6706 -2.252 4.4095, -0.658 -2.2964 4.4095, -0.6417 -2.3305 4.4095, -0.6325 -2.3429 4.4095, -0.6227 -2.352 4.4095, -0.5467 -2.2964 4.4095, -0.5342 -2.252 4.4095, -0.5263 -2.2003 4.4095, -0.6177 -1.9343 4.4095, -0.6227 -1.9375 4.4095, -0.6325 -1.9465 4.4095, -0.6075 -2.3588 4.4095, -0.8031 -2.8565 4.4095, -0.6024 -2.3593 4.4095, -0.5972 -2.3588 4.4095, -0.5921 -2.3574 4.4095, -0.5722 -1.9465 4.4095, -0.582 -1.9375 4.4095, -0.587 -1.9343 4.4095, -0.6177 -2.3552 4.4095, -0.6126 -2.3574 4.4095, -0.587 -2.3552 4.4095, -0.582 -2.352 4.4095, -0.5236 -2.1447 4.4095, -0.5263 -2.0892 4.4095, -0.5342 -2.0374 4.4095, -0.5921 -1.932 4.4095, -0.5972 -1.9306 4.4095, -0.6024 -1.9302 4.4095, -0.6075 -1.9306 4.4095, -0.6126 -1.932 4.4095, -0.9738 -2.3429 4.4095, -0.9646 -2.3305 4.4095, -0.9483 -1.993 4.4095, -0.9646 -1.9589 4.4095, -1.0827 -2.1447 4.4095, -1.08 -2.2003 4.4095, -1.0721 -2.252 4.4095, -1.0596 -2.2964 4.4095, -1.0433 -2.3305 4.4095, -1.0341 -2.3429 4.4095, -1.0243 -2.352 4.4095, -1.2047 1.3335 4.4095, -1.0433 -1.9589 4.4095, -1.0596 -1.993 4.4095, -1.0721 -2.0374 4.4095, -1.08 -2.0892 4.4095, -0.9483 -2.2964 4.4095, -0.9357 -2.252 4.4095, -0.9279 -2.2003 4.4095, -1.0091 -2.3588 4.4095, -1.0039 -2.3593 4.4095, -0.9988 -2.3588 4.4095, -0.9937 -2.3574 4.4095, -0.9738 -1.9465 4.4095, -0.9836 -1.9375 4.4095, -0.9886 -1.9343 4.4095, -1.0193 -1.9343 4.4095, -1.0243 -1.9375 4.4095, -1.0341 -1.9465 4.4095, -1.0193 -2.3552 4.4095, -1.0142 -2.3574 4.4095, -0.9886 -2.3552 4.4095, -0.9836 -2.352 4.4095, -0.9252 -2.1447 4.4095, -0.9279 -2.0892 4.4095, -0.9357 -2.0374 4.4095, -0.9937 -1.932 4.4095, -0.9988 -1.9306 4.4095, -1.0039 -1.9302 4.4095, -1.0091 -1.9306 4.4095, -1.0142 -1.932 4.4095, -1.4737 -2.252 4.4095, -1.4612 -2.2964 4.4095, -1.3754 -2.3429 4.4095, -1.3661 -2.3305 4.4095, -1.4816 -2.2003 4.4095, -1.3498 -1.993 4.4095, -1.3661 -1.9589 4.4095, -1.4449 -2.3305 4.4095, -1.4356 -2.3429 4.4095, -1.4259 -2.352 4.4095, -1.9921 1.3335 4.4095, -1.4612 -1.993 4.4095, -1.4737 -2.0374 4.4095, -1.4816 -2.0892 4.4095, -1.4843 -2.1447 4.4095, -1.4055 -2.3593 4.4095, -1.4004 -2.3588 4.4095, -1.3952 -2.3574 4.4095, -1.3498 -2.2964 4.4095, -1.3373 -2.252 4.4095, -1.3295 -2.2003 4.4095, -1.3754 -1.9465 4.4095, -1.3851 -1.9375 4.4095, -1.3902 -1.9343 4.4095, -1.4209 -1.9343 4.4095, -1.4259 -1.9375 4.4095, -1.4356 -1.9465 4.4095, -1.4449 -1.9589 4.4095, -1.4209 -2.3552 4.4095, -1.4158 -2.3574 4.4095, -1.4107 -2.3588 4.4095, -1.3902 -2.3552 4.4095, -1.3851 -2.352 4.4095, -1.3268 -2.1447 4.4095, -1.3295 -2.0892 4.4095, -1.3373 -2.0374 4.4095, -1.3952 -1.932 4.4095, -1.4004 -1.9306 4.4095, -1.4055 -1.9302 4.4095, -1.4107 -1.9306 4.4095, -1.4158 -1.932 4.4095, -2.5 1.3335 4.4095, -2.6181 -2.9972 3.5236, -2.5 -2.8565 3.5236, -2.6181 -2.9972 4.5145, -2.6181 -2.9972 4.5276, -2.6969 1.3335 3.5236, -2.5 1.3335 3.5236, -2.6969 -2.9972 3.5236, -2.6969 1.3335 2.5394, -2.6969 -2.9972 2.5394, -2.6181 -2.9972 1.5354, -2.5 -2.8565 1.6535, -2.6181 -2.9972 2.5394, -2.5 -2.8565 2.5394, -2.5 1.3335 2.5394, 2.5 1.3335 3.5236, 1.437 -2.9972 1.5354, 1.3189 -2.8565 1.6535, -2.6181 -2.9972 1.5224, -1.5048 -2.9972 1.5224, 2.6181 -2.9972 1.5224, 1.5052 -2.9972 1.5224, 1.5052 -2.9972 0.8927, 1.437 -2.9972 0.9449, 1.1151 -2.9972 0.8927, 1.0433 -2.9972 0.9449, 1.1151 -2.9972 0.5242, 1.0433 -2.9972 0.6693, -1.1081 -2.9972 0.5242, -1.0433 -2.9972 0.6693, -1.1081 -2.9972 0.8927, -1.0433 -2.9972 0.9449, -1.5048 -2.9972 0.8927, -1.437 -2.9972 0.9449, -1.437 -2.9972 1.5354
            ]
        }
        coordIndex [
            0,1,2,-1,2,1,3,-1,4,5,6,-1,6,5,1,-1,6,1,0,-1,7,4,8,-1,8,4,6,-1,9,10,11,-1,11,10,12,-1,11,12,13,-1,14,15,10,-1,10,15,16,-1,17,18,19,-1,19,18,20,-1,19,20,21,-1,21,20,22,-1,23,24,25,-1,25,24,26,-1,25,26,15,-1,15,26,27,-1,15,27,28,-1,28,29,15,-1,15,29,30,-1,15,30,31,-1,25,32,33,-1,31,34,15,-1,15,34,35,-1,15,35,36,-1,37,38,16,-1,16,38,39,-1,16,39,40,-1,33,32,41,-1,41,32,16,-1,41,16,42,-1,40,43,16,-1,16,43,44,-1,16,44,45,-1,33,46,25,-1,25,46,47,-1,25,47,48,-1,49,50,25,-1,25,50,51,-1,25,51,23,-1,36,52,15,-1,15,52,53,-1,15,53,54,-1,54,55,15,-1,15,55,56,-1,15,56,16,-1,16,56,57,-1,16,57,37,-1,45,58,16,-1,16,58,59,-1,16,59,42,-1,48,60,25,-1,25,60,61,-1,25,61,62,-1,62,63,25,-1,25,63,64,-1,25,64,49,-1,65,66,15,-1,67,68,25,-1,69,70,71,-1,71,70,72,-1,71,72,73,-1,73,72,74,-1,73,74,75,-1,75,76,73,-1,73,76,77,-1,73,77,78,-1,25,68,71,-1,78,79,73,-1,73,79,80,-1,73,80,81,-1,66,82,15,-1,15,82,83,-1,15,83,84,-1,68,85,71,-1,71,85,86,-1,71,86,87,-1,88,89,71,-1,71,89,90,-1,71,90,69,-1,91,15,73,-1,73,15,14,-1,73,14,92,-1,91,93,15,-1,15,93,94,-1,15,94,95,-1,81,96,73,-1,73,96,97,-1,73,97,91,-1,95,98,15,-1,15,98,99,-1,15,99,65,-1,84,100,15,-1,15,100,101,-1,15,101,25,-1,25,101,102,-1,25,102,67,-1,87,103,71,-1,71,103,104,-1,71,104,105,-1,105,106,71,-1,71,106,107,-1,71,107,88,-1,108,109,73,-1,110,111,71,-1,112,113,114,-1,114,113,115,-1,114,115,116,-1,116,115,117,-1,116,117,118,-1,118,119,116,-1,116,119,120,-1,116,120,121,-1,71,111,114,-1,121,122,116,-1,116,122,123,-1,116,123,124,-1,109,125,73,-1,73,125,126,-1,73,126,127,-1,111,128,114,-1,114,128,129,-1,114,129,130,-1,131,132,114,-1,114,132,133,-1,114,133,112,-1,134,73,116,-1,116,73,92,-1,116,92,135,-1,134,136,73,-1,73,136,137,-1,73,137,138,-1,124,139,116,-1,116,139,140,-1,116,140,134,-1,138,141,73,-1,73,141,142,-1,73,142,108,-1,127,143,73,-1,73,143,144,-1,73,144,71,-1,71,144,145,-1,71,145,110,-1,130,146,114,-1,114,146,147,-1,114,147,148,-1,148,149,114,-1,114,149,150,-1,114,150,131,-1,151,152,116,-1,153,154,114,-1,155,156,157,-1,157,156,158,-1,157,158,159,-1,159,158,160,-1,159,160,161,-1,161,162,159,-1,159,162,163,-1,159,163,164,-1,114,154,157,-1,164,165,159,-1,159,165,166,-1,159,166,167,-1,168,169,157,-1,157,169,170,-1,157,170,155,-1,171,116,159,-1,159,116,135,-1,159,135,172,-1,171,173,116,-1,116,173,174,-1,116,174,175,-1,152,176,116,-1,116,176,177,-1,116,177,178,-1,154,179,157,-1,157,179,180,-1,157,180,181,-1,167,182,159,-1,159,182,183,-1,159,183,171,-1,175,184,116,-1,116,184,185,-1,116,185,151,-1,178,186,116,-1,116,186,187,-1,116,187,114,-1,114,187,188,-1,114,188,153,-1,181,189,157,-1,157,189,190,-1,157,190,191,-1,191,192,157,-1,157,192,193,-1,157,193,168,-1,194,195,159,-1,196,197,157,-1,198,199,200,-1,200,199,201,-1,200,201,202,-1,202,201,203,-1,202,203,204,-1,204,205,202,-1,202,205,206,-1,202,206,207,-1,157,197,200,-1,207,208,202,-1,202,208,209,-1,202,209,210,-1,211,212,200,-1,200,212,213,-1,200,213,198,-1,214,159,202,-1,202,159,172,-1,202,172,215,-1,214,216,159,-1,159,216,217,-1,159,217,218,-1,195,219,159,-1,159,219,220,-1,159,220,221,-1,197,222,200,-1,200,222,223,-1,200,223,224,-1,210,225,202,-1,202,225,226,-1,202,226,214,-1,218,227,159,-1,159,227,228,-1,159,228,194,-1,221,229,159,-1,159,229,230,-1,159,230,157,-1,157,230,231,-1,157,231,196,-1,224,232,200,-1,200,232,233,-1,200,233,234,-1,234,235,200,-1,200,235,236,-1,200,236,211,-1,237,238,202,-1,239,240,200,-1,241,242,243,-1,243,242,244,-1,243,244,245,-1,245,244,246,-1,245,246,247,-1,247,248,245,-1,245,248,249,-1,245,249,250,-1,200,240,243,-1,250,251,245,-1,245,251,252,-1,245,252,253,-1,238,254,202,-1,202,254,255,-1,202,255,256,-1,257,258,243,-1,243,258,259,-1,243,259,241,-1,260,202,245,-1,245,202,215,-1,245,215,261,-1,260,262,202,-1,202,262,263,-1,202,263,264,-1,240,265,243,-1,243,265,266,-1,243,266,267,-1,253,268,245,-1,245,268,269,-1,245,269,260,-1,264,270,202,-1,202,270,271,-1,202,271,237,-1,256,272,202,-1,202,272,273,-1,202,273,200,-1,200,273,274,-1,200,274,239,-1,267,275,243,-1,243,275,276,-1,243,276,277,-1,277,278,243,-1,243,278,279,-1,243,279,257,-1,280,281,245,-1,282,283,243,-1,284,285,22,-1,22,285,286,-1,22,286,287,-1,287,288,22,-1,22,288,289,-1,22,289,290,-1,243,283,291,-1,292,293,291,-1,291,293,294,-1,291,294,22,-1,22,294,295,-1,22,295,284,-1,281,296,245,-1,245,296,297,-1,245,297,298,-1,299,245,22,-1,22,245,261,-1,22,261,21,-1,299,300,245,-1,245,300,301,-1,245,301,302,-1,283,303,291,-1,291,303,304,-1,291,304,305,-1,306,307,291,-1,291,307,308,-1,291,308,292,-1,290,309,22,-1,22,309,310,-1,22,310,299,-1,302,311,245,-1,245,311,312,-1,245,312,280,-1,298,313,245,-1,245,313,314,-1,245,314,243,-1,243,314,315,-1,243,315,282,-1,305,316,291,-1,291,316,317,-1,291,317,318,-1,318,319,291,-1,291,319,320,-1,291,320,306,-1,321,322,20,-1,323,324,22,-1,321,20,325,-1,326,327,291,-1,322,328,20,-1,20,328,329,-1,20,329,330,-1,291,327,331,-1,332,333,20,-1,333,334,20,-1,20,334,335,-1,20,335,325,-1,336,337,22,-1,22,337,338,-1,324,339,22,-1,22,339,340,-1,22,340,341,-1,327,342,331,-1,331,342,343,-1,331,343,344,-1,345,346,331,-1,331,346,347,-1,331,347,348,-1,330,349,20,-1,20,349,350,-1,20,350,22,-1,22,350,351,-1,22,351,336,-1,338,352,22,-1,22,352,353,-1,22,353,323,-1,341,354,22,-1,22,354,355,-1,22,355,291,-1,291,355,356,-1,291,356,326,-1,344,357,331,-1,331,357,358,-1,331,358,359,-1,359,360,331,-1,331,360,361,-1,331,361,345,-1,18,362,20,-1,20,362,331,-1,20,331,332,-1,332,331,348,-1,363,364,365,-1,365,364,17,-1,365,17,366,-1,17,19,366,-1,366,19,21,-1,366,21,261,-1,261,215,366,-1,366,215,172,-1,366,172,9,-1,9,172,135,-1,135,92,9,-1,9,92,14,-1,9,14,10,-1,367,368,369,-1,369,368,364,-1,369,364,363,-1,370,367,371,-1,371,367,369,-1,372,373,374,-1,374,373,375,-1,376,370,375,-1,375,370,371,-1,375,371,374,-1,377,7,12,-1,12,7,8,-1,12,8,13,-1,2,3,378,-1,378,3,379,-1,372,380,381,-1,382,2,383,-1,383,2,378,-1,383,378,384,-1,384,378,385,-1,384,385,386,-1,386,385,387,-1,386,387,388,-1,388,387,389,-1,388,389,390,-1,390,389,391,-1,390,391,392,-1,392,391,393,-1,392,393,394,-1,394,393,395,-1,394,395,381,-1,381,395,396,-1,381,396,372,-1,
        ]
    }
}
Shape{
    appearance Appearance {
        material  Material 	{
            diffuseColor 0.9490196078431372 0.7607843137254902 0.1803921568627451
            specularColor 0.7607843137254902 0.6078431372549019 0.1450980392156863
            ambientIntensity 0.7509
            transparency 0.0
            shininess 0.5
        }
    }
    geometry IndexedFaceSet {
        ccw TRUE
        solid FALSE
        coord DEF co Coordinate {
            point [
                1.0433 0.8223 3.1656, 1.0243 0.8194 3.1583, 1.0039 0.8473 3.229, 1.0039 0.8184 3.1558, 0.9836 0.8194 3.1583, 1.08 0.8399 3.2101, 1.0721 0.8329 3.1924, 1.0596 0.8269 3.1772, 1.0721 0.8618 3.2657, 1.08 0.8548 3.248, 1.0827 0.8473 3.229, 1.0243 0.8753 3.2998, 1.0433 0.8724 3.2925, 1.0596 0.8678 3.2808, 0.9646 0.8724 3.2925, 0.9836 0.8753 3.2998, 1.0039 0.8762 3.3023, 0.9279 0.8548 3.248, 0.9357 0.8618 3.2657, 0.9483 0.8678 3.2808, 0.9357 0.8329 3.1924, 0.9279 0.8399 3.2101, 0.9252 0.8473 3.229, 0.9646 0.8223 3.1656, 0.9483 0.8269 3.1772, 0.9646 -1.9589 4.4095, 0.9738 -1.9465 4.4095, 0.9836 -1.9375 4.4095, 0.9886 -1.9343 4.4095, 0.9483 -2.2964 4.4095, 0.9357 -2.252 4.4095, 0.9279 -2.2003 4.4095, 0.9252 -2.1447 4.4095, 0.9279 -2.0892 4.4095, 0.9357 -2.0374 4.4095, 0.9483 -1.993 4.4095, 0.9738 -2.3429 4.4095, 0.9646 -2.3305 4.4095, 0.9988 -2.3588 4.4095, 0.9937 -2.3574 4.4095, 0.9886 -2.3552 4.4095, 0.9836 -2.352 4.4095, 1.0142 -2.3574 4.4095, 1.0091 -2.3588 4.4095, 1.0039 -2.3593 4.4095, 1.0433 -2.3305 4.4095, 1.0341 -2.3429 4.4095, 1.0243 -2.352 4.4095, 1.0193 -2.3552 4.4095, 1.0596 -2.2964 4.4095, 1.0721 -2.252 4.4095, 1.08 -2.2003 4.4095, 1.0827 -2.1447 4.4095, 1.08 -2.0892 4.4095, 1.0721 -2.0374 4.4095, 1.0596 -1.993 4.4095, 1.0433 -1.9589 4.4095, 0.9937 -1.932 4.4095, 0.9988 -1.9306 4.4095, 1.0039 -1.9302 4.4095, 1.0091 -1.9306 4.4095, 1.0142 -1.932 4.4095, 1.0193 -1.9343 4.4095, 1.0243 -1.9375 4.4095, 1.0341 -1.9465 4.4095
            ]
        }
        coordIndex [
            0,1,2,-1,2,1,3,-1,2,3,4,-1,5,6,2,-1,2,6,7,-1,2,7,0,-1,8,9,2,-1,2,9,10,-1,2,10,5,-1,11,12,2,-1,2,12,13,-1,2,13,8,-1,14,15,2,-1,2,15,16,-1,2,16,11,-1,17,18,2,-1,2,18,19,-1,2,19,14,-1,20,21,2,-1,2,21,22,-1,2,22,17,-1,4,23,2,-1,2,23,24,-1,2,24,20,-1,25,26,15,-1,15,26,27,-1,15,27,28,-1,23,29,24,-1,24,29,30,-1,24,30,20,-1,20,30,31,-1,20,31,21,-1,21,31,32,-1,21,32,22,-1,22,32,33,-1,22,33,17,-1,17,33,34,-1,17,34,18,-1,18,34,35,-1,18,35,19,-1,19,35,25,-1,19,25,14,-1,14,25,15,-1,4,36,23,-1,23,36,37,-1,23,37,29,-1,38,39,3,-1,3,39,40,-1,3,40,4,-1,4,40,41,-1,4,41,36,-1,42,43,3,-1,3,43,44,-1,3,44,38,-1,45,46,1,-1,1,46,47,-1,1,47,3,-1,3,47,48,-1,3,48,42,-1,1,0,45,-1,45,0,7,-1,45,7,49,-1,49,7,6,-1,49,6,50,-1,50,6,5,-1,50,5,51,-1,51,5,10,-1,51,10,52,-1,52,10,9,-1,52,9,53,-1,53,9,8,-1,53,8,54,-1,54,8,13,-1,54,13,55,-1,55,13,12,-1,55,12,56,-1,28,57,15,-1,15,57,58,-1,15,58,16,-1,16,58,59,-1,16,59,11,-1,11,59,60,-1,11,60,61,-1,61,62,11,-1,11,62,63,-1,11,63,12,-1,12,63,64,-1,12,64,56,-1,
        ]
    }
}
Shape{
    appearance Appearance {
        material  Material 	{
            diffuseColor 0.20784313725490197 0.20784313725490197 0.20784313725490197
            specularColor 0.01568627450980392 0.01568627450980392 0.01568627450980392
            ambientIntensity 0.298
            transparency 0.0
            shininess 0.5
        }
    }
    geometry IndexedFaceSet {
        ccw TRUE
        solid FALSE
        coord DEF co Coordinate {
            point [
                -3.0315 4.1681 5.2756, 3.0315 4.1681 5.2756, -3.0315 4.1681 0.0787, 3.0315 4.1681 0.0787, -3.0315 -2.9972 0.1838, -3.0315 -2.9972 0.0787, 3.0315 -2.9972 0.1838, 3.0315 -2.9972 0.0787
            ]
        }
        coordIndex [
            0,1,2,-1,2,1,3,-1,4,5,6,-1,6,5,7,-1,
        ]
    }
}
Shape{
    appearance Appearance {
        material  Material 	{
            diffuseColor 0.9490196078431372 0.7607843137254902 0.1803921568627451
            specularColor 0.7607843137254902 0.6078431372549019 0.1450980392156863
            ambientIntensity 0.7509
            transparency 0.0
            shininess 0.5
        }
    }
    geometry IndexedFaceSet {
        ccw TRUE
        solid FALSE
        coord DEF co Coordinate {
            point [
                0.563 -1.9589 4.4095, 0.5722 -1.9465 4.4095, 0.582 0.8753 3.2998, 0.582 -1.9375 4.4095, 0.587 -1.9343 4.4095, 0.563 0.8223 3.1656, 0.5467 -2.2964 4.4095, 0.5467 0.8269 3.1772, 0.5342 -2.252 4.4095, 0.5342 0.8329 3.1924, 0.5263 -2.2003 4.4095, 0.5263 0.8399 3.2101, 0.5236 -2.1447 4.4095, 0.5236 0.8473 3.229, 0.5263 -2.0892 4.4095, 0.5263 0.8548 3.248, 0.5342 -2.0374 4.4095, 0.5342 0.8618 3.2657, 0.5467 -1.993 4.4095, 0.5467 0.8678 3.2808, 0.563 0.8724 3.2925, 0.582 0.8194 3.1583, 0.5722 -2.3429 4.4095, 0.563 -2.3305 4.4095, 0.5972 -2.3588 4.4095, 0.5921 -2.3574 4.4095, 0.6024 0.8184 3.1558, 0.587 -2.3552 4.4095, 0.582 -2.352 4.4095, 0.6126 -2.3574 4.4095, 0.6075 -2.3588 4.4095, 0.6024 -2.3593 4.4095, 0.6417 -2.3305 4.4095, 0.6325 -2.3429 4.4095, 0.6227 0.8194 3.1583, 0.6227 -2.352 4.4095, 0.6177 -2.3552 4.4095, 0.6417 0.8223 3.1656, 0.658 0.8269 3.1772, 0.658 -2.2964 4.4095, 0.6706 0.8329 3.1924, 0.6706 -2.252 4.4095, 0.6784 0.8399 3.2101, 0.6784 -2.2003 4.4095, 0.6811 0.8473 3.229, 0.6811 -2.1447 4.4095, 0.6784 0.8548 3.248, 0.6784 -2.0892 4.4095, 0.6706 0.8618 3.2657, 0.6706 -2.0374 4.4095, 0.658 0.8678 3.2808, 0.658 -1.993 4.4095, 0.6417 0.8724 3.2925, 0.6417 -1.9589 4.4095, 0.5921 -1.932 4.4095, 0.5972 -1.9306 4.4095, 0.6024 0.8762 3.3023, 0.6024 -1.9302 4.4095, 0.6227 0.8753 3.2998, 0.6075 -1.9306 4.4095, 0.6126 -1.932 4.4095, 0.6177 -1.9343 4.4095, 0.6227 -1.9375 4.4095, 0.6325 -1.9465 4.4095, 0.6024 0.8473 3.229, 0.1614 -1.9589 4.4095, 0.1707 -1.9465 4.4095, 0.1804 0.8753 3.2998, 0.1804 -1.9375 4.4095, 0.1854 -1.9343 4.4095, 0.1614 0.8223 3.1656, 0.1451 -2.2964 4.4095, 0.1451 0.8269 3.1772, 0.1326 -2.252 4.4095, 0.1326 0.8329 3.1924, 0.1247 -2.2003 4.4095, 0.1247 0.8399 3.2101, 0.122 -2.1447 4.4095, 0.122 0.8473 3.229, 0.1247 -2.0892 4.4095, 0.1247 0.8548 3.248, 0.1326 -2.0374 4.4095, 0.1326 0.8618 3.2657, 0.1451 -1.993 4.4095, 0.1451 0.8678 3.2808, 0.1614 0.8724 3.2925, 0.1804 0.8194 3.1583, 0.1707 -2.3429 4.4095, 0.1614 -2.3305 4.4095, 0.1956 -2.3588 4.4095, 0.1905 -2.3574 4.4095, 0.2008 0.8184 3.1558, 0.1854 -2.3552 4.4095, 0.1804 -2.352 4.4095, 0.2111 -2.3574 4.4095, 0.2059 -2.3588 4.4095, 0.2008 -2.3593 4.4095, 0.2402 -2.3305 4.4095, 0.2309 -2.3429 4.4095, 0.2212 0.8194 3.1583, 0.2212 -2.352 4.4095, 0.2161 -2.3552 4.4095, 0.2402 0.8223 3.1656, 0.2565 0.8269 3.1772, 0.2565 -2.2964 4.4095, 0.269 0.8329 3.1924, 0.269 -2.252 4.4095, 0.2768 0.8399 3.2101, 0.2768 -2.2003 4.4095, 0.2795 0.8473 3.229, 0.2795 -2.1447 4.4095, 0.2768 0.8548 3.248, 0.2768 -2.0892 4.4095, 0.269 0.8618 3.2657, 0.269 -2.0374 4.4095, 0.2565 0.8678 3.2808, 0.2565 -1.993 4.4095, 0.2402 0.8724 3.2925, 0.2402 -1.9589 4.4095, 0.1905 -1.932 4.4095, 0.1956 -1.9306 4.4095, 0.2008 0.8762 3.3023, 0.2008 -1.9302 4.4095, 0.2212 0.8753 3.2998, 0.2059 -1.9306 4.4095, 0.2111 -1.932 4.4095, 0.2161 -1.9343 4.4095, 0.2212 -1.9375 4.4095, 0.2309 -1.9465 4.4095, 0.2008 0.8473 3.229, -0.2402 -1.9589 4.4095, -0.2309 -1.9465 4.4095, -0.2212 0.8753 3.2998, -0.2212 -1.9375 4.4095, -0.2161 -1.9343 4.4095, -0.2402 0.8223 3.1656, -0.2565 -2.2964 4.4095, -0.2565 0.8269 3.1772, -0.269 -2.252 4.4095, -0.269 0.8329 3.1924, -0.2768 -2.2003 4.4095, -0.2768 0.8399 3.2101, -0.2795 -2.1447 4.4095, -0.2795 0.8473 3.229, -0.2768 -2.0892 4.4095, -0.2768 0.8548 3.248, -0.269 -2.0374 4.4095, -0.269 0.8618 3.2657, -0.2565 -1.993 4.4095, -0.2565 0.8678 3.2808, -0.2402 0.8724 3.2925, -0.2212 0.8194 3.1583, -0.2309 -2.3429 4.4095, -0.2402 -2.3305 4.4095, -0.2059 -2.3588 4.4095, -0.2111 -2.3574 4.4095, -0.2008 0.8184 3.1558, -0.2161 -2.3552 4.4095, -0.2212 -2.352 4.4095, -0.1905 -2.3574 4.4095, -0.1956 -2.3588 4.4095, -0.2008 -2.3593 4.4095, -0.1614 -2.3305 4.4095, -0.1707 -2.3429 4.4095, -0.1804 0.8194 3.1583, -0.1804 -2.352 4.4095, -0.1854 -2.3552 4.4095, -0.1614 0.8223 3.1656, -0.1451 0.8269 3.1772, -0.1451 -2.2964 4.4095, -0.1326 0.8329 3.1924, -0.1326 -2.252 4.4095, -0.1247 0.8399 3.2101, -0.1247 -2.2003 4.4095, -0.122 0.8473 3.229, -0.122 -2.1447 4.4095, -0.1247 0.8548 3.248, -0.1247 -2.0892 4.4095, -0.1326 0.8618 3.2657, -0.1326 -2.0374 4.4095, -0.1451 0.8678 3.2808, -0.1451 -1.993 4.4095, -0.1614 0.8724 3.2925, -0.1614 -1.9589 4.4095, -0.2111 -1.932 4.4095, -0.2059 -1.9306 4.4095, -0.2008 0.8762 3.3023, -0.2008 -1.9302 4.4095, -0.1804 0.8753 3.2998, -0.1956 -1.9306 4.4095, -0.1905 -1.932 4.4095, -0.1854 -1.9343 4.4095, -0.1804 -1.9375 4.4095, -0.1707 -1.9465 4.4095, -0.2008 0.8473 3.229, -0.6417 -1.9589 4.4095, -0.6325 -1.9465 4.4095, -0.6227 0.8753 3.2998, -0.6227 -1.9375 4.4095, -0.6177 -1.9343 4.4095, -0.6417 0.8223 3.1656, -0.658 -2.2964 4.4095, -0.658 0.8269 3.1772, -0.6706 -2.252 4.4095, -0.6706 0.8329 3.1924, -0.6784 -2.2003 4.4095, -0.6784 0.8399 3.2101, -0.6811 -2.1447 4.4095, -0.6811 0.8473 3.229, -0.6784 -2.0892 4.4095, -0.6784 0.8548 3.248, -0.6706 -2.0374 4.4095, -0.6706 0.8618 3.2657, -0.658 -1.993 4.4095, -0.658 0.8678 3.2808, -0.6417 0.8724 3.2925, -0.6227 0.8194 3.1583, -0.6325 -2.3429 4.4095, -0.6417 -2.3305 4.4095, -0.6075 -2.3588 4.4095, -0.6126 -2.3574 4.4095, -0.6024 0.8184 3.1558, -0.6177 -2.3552 4.4095, -0.6227 -2.352 4.4095, -0.5921 -2.3574 4.4095, -0.5972 -2.3588 4.4095, -0.6024 -2.3593 4.4095, -0.563 -2.3305 4.4095, -0.5722 -2.3429 4.4095, -0.582 0.8194 3.1583, -0.582 -2.352 4.4095, -0.587 -2.3552 4.4095, -0.563 0.8223 3.1656, -0.5467 0.8269 3.1772, -0.5467 -2.2964 4.4095, -0.5342 0.8329 3.1924, -0.5342 -2.252 4.4095, -0.5263 0.8399 3.2101, -0.5263 -2.2003 4.4095, -0.5236 0.8473 3.229, -0.5236 -2.1447 4.4095, -0.5263 0.8548 3.248, -0.5263 -2.0892 4.4095, -0.5342 0.8618 3.2657, -0.5342 -2.0374 4.4095, -0.5467 0.8678 3.2808, -0.5467 -1.993 4.4095, -0.563 0.8724 3.2925, -0.563 -1.9589 4.4095, -0.6126 -1.932 4.4095, -0.6075 -1.9306 4.4095, -0.6024 0.8762 3.3023, -0.6024 -1.9302 4.4095, -0.582 0.8753 3.2998, -0.5972 -1.9306 4.4095, -0.5921 -1.932 4.4095, -0.587 -1.9343 4.4095, -0.582 -1.9375 4.4095, -0.5722 -1.9465 4.4095, -0.6024 0.8473 3.229, -1.0433 -1.9589 4.4095, -1.0341 -1.9465 4.4095, -1.0243 0.8753 3.2998, -1.0243 -1.9375 4.4095, -1.0193 -1.9343 4.4095, -1.0433 0.8223 3.1656, -1.0596 -2.2964 4.4095, -1.0596 0.8269 3.1772, -1.0721 -2.252 4.4095, -1.0721 0.8329 3.1924, -1.08 -2.2003 4.4095, -1.08 0.8399 3.2101, -1.0827 -2.1447 4.4095, -1.0827 0.8473 3.229, -1.08 -2.0892 4.4095, -1.08 0.8548 3.248, -1.0721 -2.0374 4.4095, -1.0721 0.8618 3.2657, -1.0596 -1.993 4.4095, -1.0596 0.8678 3.2808, -1.0433 0.8724 3.2925, -1.0243 0.8194 3.1583, -1.0341 -2.3429 4.4095, -1.0433 -2.3305 4.4095, -1.0091 -2.3588 4.4095, -1.0142 -2.3574 4.4095, -1.0039 0.8184 3.1558, -1.0193 -2.3552 4.4095, -1.0243 -2.352 4.4095, -0.9937 -2.3574 4.4095, -0.9988 -2.3588 4.4095, -1.0039 -2.3593 4.4095, -0.9646 -2.3305 4.4095, -0.9738 -2.3429 4.4095, -0.9836 0.8194 3.1583, -0.9836 -2.352 4.4095, -0.9886 -2.3552 4.4095, -0.9646 0.8223 3.1656, -0.9483 0.8269 3.1772, -0.9483 -2.2964 4.4095, -0.9357 0.8329 3.1924, -0.9357 -2.252 4.4095, -0.9279 0.8399 3.2101, -0.9279 -2.2003 4.4095, -0.9252 0.8473 3.229, -0.9252 -2.1447 4.4095, -0.9279 0.8548 3.248, -0.9279 -2.0892 4.4095, -0.9357 0.8618 3.2657, -0.9357 -2.0374 4.4095, -0.9483 0.8678 3.2808, -0.9483 -1.993 4.4095, -0.9646 0.8724 3.2925, -0.9646 -1.9589 4.4095, -1.0142 -1.932 4.4095, -1.0091 -1.9306 4.4095, -1.0039 0.8762 3.3023, -1.0039 -1.9302 4.4095, -0.9836 0.8753 3.2998, -0.9988 -1.9306 4.4095, -0.9937 -1.932 4.4095, -0.9886 -1.9343 4.4095, -0.9836 -1.9375 4.4095, -0.9738 -1.9465 4.4095, -1.0039 0.8473 3.229, -1.4449 -1.9589 4.4095, -1.4356 -1.9465 4.4095, -1.4259 0.8753 3.2998, -1.4259 -1.9375 4.4095, -1.4209 -1.9343 4.4095, -1.4449 0.8223 3.1656, -1.4612 -2.2964 4.4095, -1.4612 0.8269 3.1772, -1.4737 -2.252 4.4095, -1.4737 0.8329 3.1924, -1.4816 -2.2003 4.4095, -1.4816 0.8399 3.2101, -1.4843 -2.1447 4.4095, -1.4843 0.8473 3.229, -1.4816 -2.0892 4.4095, -1.4816 0.8548 3.248, -1.4737 -2.0374 4.4095, -1.4737 0.8618 3.2657, -1.4612 -1.993 4.4095, -1.4612 0.8678 3.2808, -1.4449 0.8724 3.2925, -1.4259 0.8194 3.1583, -1.4356 -2.3429 4.4095, -1.4449 -2.3305 4.4095, -1.4107 -2.3588 4.4095, -1.4158 -2.3574 4.4095, -1.4055 0.8184 3.1558, -1.4209 -2.3552 4.4095, -1.4259 -2.352 4.4095, -1.3952 -2.3574 4.4095, -1.4004 -2.3588 4.4095, -1.4055 -2.3593 4.4095, -1.3661 -2.3305 4.4095, -1.3754 -2.3429 4.4095, -1.3851 0.8194 3.1583, -1.3851 -2.352 4.4095, -1.3902 -2.3552 4.4095, -1.3661 0.8223 3.1656, -1.3498 0.8269 3.1772, -1.3498 -2.2964 4.4095, -1.3373 0.8329 3.1924, -1.3373 -2.252 4.4095, -1.3295 0.8399 3.2101, -1.3295 -2.2003 4.4095, -1.3268 0.8473 3.229, -1.3268 -2.1447 4.4095, -1.3295 0.8548 3.248, -1.3295 -2.0892 4.4095, -1.3373 0.8618 3.2657, -1.3373 -2.0374 4.4095, -1.3498 0.8678 3.2808, -1.3498 -1.993 4.4095, -1.3661 0.8724 3.2925, -1.3661 -1.9589 4.4095, -1.4158 -1.932 4.4095, -1.4107 -1.9306 4.4095, -1.4055 0.8762 3.3023, -1.4055 -1.9302 4.4095, -1.3851 0.8753 3.2998, -1.4004 -1.9306 4.4095, -1.3952 -1.932 4.4095, -1.3902 -1.9343 4.4095, -1.3851 -1.9375 4.4095, -1.3754 -1.9465 4.4095, -1.4055 0.8473 3.229
            ]
        }
        coordIndex [
            0,1,2,-1,2,1,3,-1,2,3,4,-1,5,6,7,-1,7,6,8,-1,7,8,9,-1,9,8,10,-1,9,10,11,-1,11,10,12,-1,11,12,13,-1,13,12,14,-1,13,14,15,-1,15,14,16,-1,15,16,17,-1,17,16,18,-1,17,18,19,-1,19,18,0,-1,19,0,20,-1,20,0,2,-1,21,22,5,-1,5,22,23,-1,5,23,6,-1,24,25,26,-1,26,25,27,-1,26,27,21,-1,21,27,28,-1,21,28,22,-1,29,30,26,-1,26,30,31,-1,26,31,24,-1,32,33,34,-1,34,33,35,-1,34,35,26,-1,26,35,36,-1,26,36,29,-1,34,37,32,-1,32,37,38,-1,32,38,39,-1,39,38,40,-1,39,40,41,-1,41,40,42,-1,41,42,43,-1,43,42,44,-1,43,44,45,-1,45,44,46,-1,45,46,47,-1,47,46,48,-1,47,48,49,-1,49,48,50,-1,49,50,51,-1,51,50,52,-1,51,52,53,-1,4,54,2,-1,2,54,55,-1,2,55,56,-1,56,55,57,-1,56,57,58,-1,58,57,59,-1,58,59,60,-1,60,61,58,-1,58,61,62,-1,58,62,52,-1,52,62,63,-1,52,63,53,-1,37,34,64,-1,64,34,26,-1,64,26,21,-1,42,40,64,-1,64,40,38,-1,64,38,37,-1,48,46,64,-1,64,46,44,-1,64,44,42,-1,58,52,64,-1,64,52,50,-1,64,50,48,-1,20,2,64,-1,64,2,56,-1,64,56,58,-1,15,17,64,-1,64,17,19,-1,64,19,20,-1,9,11,64,-1,64,11,13,-1,64,13,15,-1,21,5,64,-1,64,5,7,-1,64,7,9,-1,65,66,67,-1,67,66,68,-1,67,68,69,-1,70,71,72,-1,72,71,73,-1,72,73,74,-1,74,73,75,-1,74,75,76,-1,76,75,77,-1,76,77,78,-1,78,77,79,-1,78,79,80,-1,80,79,81,-1,80,81,82,-1,82,81,83,-1,82,83,84,-1,84,83,65,-1,84,65,85,-1,85,65,67,-1,86,87,70,-1,70,87,88,-1,70,88,71,-1,89,90,91,-1,91,90,92,-1,91,92,86,-1,86,92,93,-1,86,93,87,-1,94,95,91,-1,91,95,96,-1,91,96,89,-1,97,98,99,-1,99,98,100,-1,99,100,91,-1,91,100,101,-1,91,101,94,-1,99,102,97,-1,97,102,103,-1,97,103,104,-1,104,103,105,-1,104,105,106,-1,106,105,107,-1,106,107,108,-1,108,107,109,-1,108,109,110,-1,110,109,111,-1,110,111,112,-1,112,111,113,-1,112,113,114,-1,114,113,115,-1,114,115,116,-1,116,115,117,-1,116,117,118,-1,69,119,67,-1,67,119,120,-1,67,120,121,-1,121,120,122,-1,121,122,123,-1,123,122,124,-1,123,124,125,-1,125,126,123,-1,123,126,127,-1,123,127,117,-1,117,127,128,-1,117,128,118,-1,102,99,129,-1,129,99,91,-1,129,91,86,-1,107,105,129,-1,129,105,103,-1,129,103,102,-1,113,111,129,-1,129,111,109,-1,129,109,107,-1,123,117,129,-1,129,117,115,-1,129,115,113,-1,85,67,129,-1,129,67,121,-1,129,121,123,-1,80,82,129,-1,129,82,84,-1,129,84,85,-1,74,76,129,-1,129,76,78,-1,129,78,80,-1,86,70,129,-1,129,70,72,-1,129,72,74,-1,130,131,132,-1,132,131,133,-1,132,133,134,-1,135,136,137,-1,137,136,138,-1,137,138,139,-1,139,138,140,-1,139,140,141,-1,141,140,142,-1,141,142,143,-1,143,142,144,-1,143,144,145,-1,145,144,146,-1,145,146,147,-1,147,146,148,-1,147,148,149,-1,149,148,130,-1,149,130,150,-1,150,130,132,-1,151,152,135,-1,135,152,153,-1,135,153,136,-1,154,155,156,-1,156,155,157,-1,156,157,151,-1,151,157,158,-1,151,158,152,-1,159,160,156,-1,156,160,161,-1,156,161,154,-1,162,163,164,-1,164,163,165,-1,164,165,156,-1,156,165,166,-1,156,166,159,-1,164,167,162,-1,162,167,168,-1,162,168,169,-1,169,168,170,-1,169,170,171,-1,171,170,172,-1,171,172,173,-1,173,172,174,-1,173,174,175,-1,175,174,176,-1,175,176,177,-1,177,176,178,-1,177,178,179,-1,179,178,180,-1,179,180,181,-1,181,180,182,-1,181,182,183,-1,134,184,132,-1,132,184,185,-1,132,185,186,-1,186,185,187,-1,186,187,188,-1,188,187,189,-1,188,189,190,-1,190,191,188,-1,188,191,192,-1,188,192,182,-1,182,192,193,-1,182,193,183,-1,167,164,194,-1,194,164,156,-1,194,156,151,-1,172,170,194,-1,194,170,168,-1,194,168,167,-1,178,176,194,-1,194,176,174,-1,194,174,172,-1,188,182,194,-1,194,182,180,-1,194,180,178,-1,150,132,194,-1,194,132,186,-1,194,186,188,-1,145,147,194,-1,194,147,149,-1,194,149,150,-1,139,141,194,-1,194,141,143,-1,194,143,145,-1,151,135,194,-1,194,135,137,-1,194,137,139,-1,195,196,197,-1,197,196,198,-1,197,198,199,-1,200,201,202,-1,202,201,203,-1,202,203,204,-1,204,203,205,-1,204,205,206,-1,206,205,207,-1,206,207,208,-1,208,207,209,-1,208,209,210,-1,210,209,211,-1,210,211,212,-1,212,211,213,-1,212,213,214,-1,214,213,195,-1,214,195,215,-1,215,195,197,-1,216,217,200,-1,200,217,218,-1,200,218,201,-1,219,220,221,-1,221,220,222,-1,221,222,216,-1,216,222,223,-1,216,223,217,-1,224,225,221,-1,221,225,226,-1,221,226,219,-1,227,228,229,-1,229,228,230,-1,229,230,221,-1,221,230,231,-1,221,231,224,-1,229,232,227,-1,227,232,233,-1,227,233,234,-1,234,233,235,-1,234,235,236,-1,236,235,237,-1,236,237,238,-1,238,237,239,-1,238,239,240,-1,240,239,241,-1,240,241,242,-1,242,241,243,-1,242,243,244,-1,244,243,245,-1,244,245,246,-1,246,245,247,-1,246,247,248,-1,199,249,197,-1,197,249,250,-1,197,250,251,-1,251,250,252,-1,251,252,253,-1,253,252,254,-1,253,254,255,-1,255,256,253,-1,253,256,257,-1,253,257,247,-1,247,257,258,-1,247,258,248,-1,232,229,259,-1,259,229,221,-1,259,221,216,-1,237,235,259,-1,259,235,233,-1,259,233,232,-1,243,241,259,-1,259,241,239,-1,259,239,237,-1,253,247,259,-1,259,247,245,-1,259,245,243,-1,215,197,259,-1,259,197,251,-1,259,251,253,-1,210,212,259,-1,259,212,214,-1,259,214,215,-1,204,206,259,-1,259,206,208,-1,259,208,210,-1,216,200,259,-1,259,200,202,-1,259,202,204,-1,260,261,262,-1,262,261,263,-1,262,263,264,-1,265,266,267,-1,267,266,268,-1,267,268,269,-1,269,268,270,-1,269,270,271,-1,271,270,272,-1,271,272,273,-1,273,272,274,-1,273,274,275,-1,275,274,276,-1,275,276,277,-1,277,276,278,-1,277,278,279,-1,279,278,260,-1,279,260,280,-1,280,260,262,-1,281,282,265,-1,265,282,283,-1,265,283,266,-1,284,285,286,-1,286,285,287,-1,286,287,281,-1,281,287,288,-1,281,288,282,-1,289,290,286,-1,286,290,291,-1,286,291,284,-1,292,293,294,-1,294,293,295,-1,294,295,286,-1,286,295,296,-1,286,296,289,-1,294,297,292,-1,292,297,298,-1,292,298,299,-1,299,298,300,-1,299,300,301,-1,301,300,302,-1,301,302,303,-1,303,302,304,-1,303,304,305,-1,305,304,306,-1,305,306,307,-1,307,306,308,-1,307,308,309,-1,309,308,310,-1,309,310,311,-1,311,310,312,-1,311,312,313,-1,264,314,262,-1,262,314,315,-1,262,315,316,-1,316,315,317,-1,316,317,318,-1,318,317,319,-1,318,319,320,-1,320,321,318,-1,318,321,322,-1,318,322,312,-1,312,322,323,-1,312,323,313,-1,297,294,324,-1,324,294,286,-1,324,286,281,-1,302,300,324,-1,324,300,298,-1,324,298,297,-1,308,306,324,-1,324,306,304,-1,324,304,302,-1,318,312,324,-1,324,312,310,-1,324,310,308,-1,280,262,324,-1,324,262,316,-1,324,316,318,-1,275,277,324,-1,324,277,279,-1,324,279,280,-1,269,271,324,-1,324,271,273,-1,324,273,275,-1,281,265,324,-1,324,265,267,-1,324,267,269,-1,325,326,327,-1,327,326,328,-1,327,328,329,-1,330,331,332,-1,332,331,333,-1,332,333,334,-1,334,333,335,-1,334,335,336,-1,336,335,337,-1,336,337,338,-1,338,337,339,-1,338,339,340,-1,340,339,341,-1,340,341,342,-1,342,341,343,-1,342,343,344,-1,344,343,325,-1,344,325,345,-1,345,325,327,-1,346,347,330,-1,330,347,348,-1,330,348,331,-1,349,350,351,-1,351,350,352,-1,351,352,346,-1,346,352,353,-1,346,353,347,-1,354,355,351,-1,351,355,356,-1,351,356,349,-1,357,358,359,-1,359,358,360,-1,359,360,351,-1,351,360,361,-1,351,361,354,-1,359,362,357,-1,357,362,363,-1,357,363,364,-1,364,363,365,-1,364,365,366,-1,366,365,367,-1,366,367,368,-1,368,367,369,-1,368,369,370,-1,370,369,371,-1,370,371,372,-1,372,371,373,-1,372,373,374,-1,374,373,375,-1,374,375,376,-1,376,375,377,-1,376,377,378,-1,329,379,327,-1,327,379,380,-1,327,380,381,-1,381,380,382,-1,381,382,383,-1,383,382,384,-1,383,384,385,-1,385,386,383,-1,383,386,387,-1,383,387,377,-1,377,387,388,-1,377,388,378,-1,362,359,389,-1,389,359,351,-1,389,351,346,-1,367,365,389,-1,389,365,363,-1,389,363,362,-1,373,371,389,-1,389,371,369,-1,389,369,367,-1,383,377,389,-1,389,377,375,-1,389,375,373,-1,345,327,389,-1,389,327,381,-1,389,381,383,-1,340,342,389,-1,389,342,344,-1,389,344,345,-1,334,336,389,-1,389,336,338,-1,389,338,340,-1,346,330,389,-1,389,330,332,-1,389,332,334,-1,
        ]
    }
}
Shape{
    appearance Appearance {
        material  Material 	{
            diffuseColor 0.20784313725490197 0.20784313725490197 0.20784313725490197
            specularColor 0.01568627450980392 0.01568627450980392 0.01568627450980392
            ambientIntensity 0.298
            transparency 0.0
            shininess 0.5
        }
    }
    geometry IndexedFaceSet {
        ccw TRUE
        solid FALSE
        coord DEF co Coordinate {
            point [
                1.6988 0.3591 -0.5118, 1.6988 0.3591 0.0787, 1.8007 0.4896 0.0787, 1.8007 0.4896 -0.5118, 1.9326 0.5897 0.0787, 1.9326 0.5897 -0.5118, 2.0858 0.6526 0.0787, 2.0858 0.6526 -0.5118, 2.25 0.674 0.0787, 2.25 0.674 -0.5118, 2.4142 0.6526 0.0787, 2.4142 0.6526 -0.5118, 2.5674 0.5897 0.0787, 2.5674 0.5897 -0.5118, 2.6993 0.4896 0.0787, 2.6993 0.4896 -0.5118, 2.8012 0.3591 0.0787, 2.8012 0.3591 -0.5118, 2.8012 0.1327 -0.5118, 2.8012 0.1327 0.0787, 2.8012 -0.2906 -0.5118, 2.8012 -0.2906 0.0787, 2.6993 -0.4211 0.0787, 2.6993 -0.4211 -0.5118, 2.5674 -0.5212 0.0787, 2.5674 -0.5212 -0.5118, 2.4142 -0.5841 0.0787, 2.4142 -0.5841 -0.5118, 2.25 -0.6055 0.0787, 2.25 -0.6055 -0.5118, 2.0858 -0.5841 0.0787, 2.0858 -0.5841 -0.5118, 1.9326 -0.5212 0.0787, 1.9326 -0.5212 -0.5118, 1.8007 -0.4211 0.0787, 1.8007 -0.4211 -0.5118, 1.6988 -0.2906 0.0787, 1.6988 -0.2906 -0.5118, 1.6988 0.1327 0.0787, 1.6988 0.1327 -0.5118, -2.8012 0.3591 -0.5118, -2.8012 0.3591 0.0787, -2.6993 0.4896 0.0787, -2.6993 0.4896 -0.5118, -2.5674 0.5897 0.0787, -2.5674 0.5897 -0.5118, -2.4142 0.6526 0.0787, -2.4142 0.6526 -0.5118, -2.25 0.674 0.0787, -2.25 0.674 -0.5118, -2.0858 0.6526 0.0787, -2.0858 0.6526 -0.5118, -1.9326 0.5897 0.0787, -1.9326 0.5897 -0.5118, -1.8007 0.4896 0.0787, -1.8007 0.4896 -0.5118, -1.6988 0.3591 0.0787, -1.6988 0.3591 -0.5118, -1.6988 0.1327 -0.5118, -1.6988 0.1327 0.0787, -1.6988 -0.2906 -0.5118, -1.6988 -0.2906 0.0787, -1.8007 -0.4211 0.0787, -1.8007 -0.4211 -0.5118, -1.9326 -0.5212 0.0787, -1.9326 -0.5212 -0.5118, -2.0858 -0.5841 0.0787, -2.0858 -0.5841 -0.5118, -2.25 -0.6055 0.0787, -2.25 -0.6055 -0.5118, -2.4142 -0.5841 0.0787, -2.4142 -0.5841 -0.5118, -2.5674 -0.5212 0.0787, -2.5674 -0.5212 -0.5118, -2.6993 -0.4211 0.0787, -2.6993 -0.4211 -0.5118, -2.8012 -0.2906 0.0787, -2.8012 -0.2906 -0.5118, -2.8012 0.1327 0.0787, -2.8012 0.1327 -0.5118, -2.8012 -0.0642 0.0787, -1.6988 -0.0642 0.0787, -2.8012 -0.0642 -0.5118, -1.6988 -0.0642 -0.5118, 1.6988 -0.0642 0.0787, 2.8012 -0.0642 0.0787, 1.6988 -0.0642 -0.5118, 2.8012 -0.0642 -0.5118
            ]
        }
        coordIndex [
            0,1,2,-1,0,2,3,-1,3,2,4,-1,3,4,5,-1,5,4,6,-1,5,6,7,-1,7,6,8,-1,7,8,9,-1,9,8,10,-1,9,10,11,-1,11,10,12,-1,11,12,13,-1,13,12,14,-1,13,14,15,-1,15,14,16,-1,15,16,17,-1,18,17,19,-1,19,17,16,-1,20,21,22,-1,20,22,23,-1,23,22,24,-1,23,24,25,-1,25,24,26,-1,25,26,27,-1,27,26,28,-1,27,28,29,-1,29,28,30,-1,29,30,31,-1,31,30,32,-1,31,32,33,-1,33,32,34,-1,33,34,35,-1,35,34,36,-1,35,36,37,-1,38,1,39,-1,39,1,0,-1,39,0,18,-1,18,0,3,-1,17,18,15,-1,15,18,3,-1,15,3,13,-1,13,3,5,-1,5,7,13,-1,13,7,9,-1,13,9,11,-1,40,41,42,-1,40,42,43,-1,43,42,44,-1,43,44,45,-1,45,44,46,-1,45,46,47,-1,47,46,48,-1,47,48,49,-1,49,48,50,-1,49,50,51,-1,51,50,52,-1,51,52,53,-1,53,52,54,-1,53,54,55,-1,55,54,56,-1,55,56,57,-1,58,57,59,-1,59,57,56,-1,60,61,62,-1,60,62,63,-1,63,62,64,-1,63,64,65,-1,65,64,66,-1,65,66,67,-1,67,66,68,-1,67,68,69,-1,69,68,70,-1,69,70,71,-1,71,70,72,-1,71,72,73,-1,73,72,74,-1,73,74,75,-1,75,74,76,-1,75,76,77,-1,78,41,79,-1,79,41,40,-1,57,58,55,-1,55,58,79,-1,55,79,53,-1,47,49,45,-1,45,49,43,-1,79,40,53,-1,53,40,43,-1,53,43,51,-1,51,43,49,-1,80,81,82,-1,82,81,83,-1,79,58,78,-1,78,58,59,-1,84,85,86,-1,86,85,87,-1,39,18,38,-1,38,18,19,-1,
        ]
    }
}
Shape{
    appearance Appearance {
        material  Material 	{
            diffuseColor 0.8509803921568627 0.8509803921568627 0.8509803921568627
            specularColor 0.4235294117647059 0.4235294117647059 0.4235294117647059
            ambientIntensity 0.851
            transparency 0.0
            shininess 0.5
        }
    }
    geometry IndexedFaceSet {
        ccw TRUE
        solid FALSE
        coord DEF co Coordinate {
            point [
                -2.3031 -1.6587 3.4843, -2.2244 -1.6587 3.4843, -2.3031 -1.6587 2.5787, -2.2244 -1.6587 2.5787, -2.6064 -3.076 2.5787, -2.6181 -3.076 2.5787, -2.6064 -2.9972 2.5787, -2.6181 -2.9972 2.5787, -2.6064 -2.9972 3.4843, -2.6181 -2.9972 3.4843, -2.6064 -3.076 3.4843, -2.6181 -3.076 3.4843, -2.5281 -2.9267 2.5787, -2.4498 -2.9349 2.5787, -2.5324 -2.9454 2.5787, -2.4584 -2.9723 2.5787, -2.5411 -2.9625 2.5787, -2.4758 -3.0065 2.5787, -2.5537 -2.977 2.5787, -2.501 -3.0355 2.5787, -2.5694 -2.988 2.5787, -2.5324 -3.0575 2.5787, -2.5873 -2.9949 2.5787, -2.5683 -3.0713 2.5787, -2.5873 -2.9949 3.4843, -2.5694 -2.988 3.4843, -2.5537 -2.977 3.4843, -2.5411 -2.9625 3.4843, -2.5324 -2.9454 3.4843, -2.5281 -2.9267 3.4843, -2.5683 -3.0713 3.4843, -2.5324 -3.0575 3.4843, -2.501 -3.0355 3.4843, -2.4758 -3.0065 3.4843, -2.4584 -2.9723 3.4843, -2.4498 -2.9349 3.4843, -2.3896 -2.3615 2.5787, -2.4679 -2.3533 2.5787, -2.4679 -2.3533 3.4843, -2.3896 -2.3615 3.4843, -2.3866 -2.3466 2.5787, -2.4618 -2.3234 2.5787, -2.3807 -2.3325 2.5787, -2.4501 -2.2953 2.5787, -2.3722 -2.3198 2.5787, -2.4331 -2.2699 2.5787, -2.4331 -2.2699 3.4843, -2.4501 -2.2953 3.4843, -2.4618 -2.3234 3.4843, -2.3722 -2.3198 3.4843, -2.3807 -2.3325 3.4843, -2.3866 -2.3466 3.4843, -2.2601 -2.183 2.5787, -2.321 -2.1331 2.5787, -2.321 -2.1331 3.4843, -2.2601 -2.183 3.4843, -2.3031 -2.0832 2.5787, -2.2244 -2.0832 2.5787, -2.3052 -2.101 2.5787, -2.2285 -2.1189 2.5787, -2.3113 -2.118 2.5787, -2.2406 -2.1527 2.5787, -2.3113 -2.118 3.4843, -2.3052 -2.101 3.4843, -2.3031 -2.0832 3.4843, -2.2406 -2.1527 3.4843, -2.2285 -2.1189 3.4843, -2.2244 -2.0832 3.4843, 2.2244 -1.6587 3.4843, 2.3031 -1.6587 3.4843, 2.2244 -1.6587 2.5787, 2.3031 -1.6587 2.5787, 2.6064 -3.076 3.4843, 2.6181 -3.076 3.4843, 2.6064 -2.9972 3.4843, 2.6181 -2.9972 3.4843, 2.6064 -2.9972 2.5787, 2.6181 -2.9972 2.5787, 2.6064 -3.076 2.5787, 2.6181 -3.076 2.5787, 2.5281 -2.9267 3.4843, 2.4498 -2.9349 3.4843, 2.5324 -2.9454 3.4843, 2.4584 -2.9723 3.4843, 2.5411 -2.9625 3.4843, 2.4758 -3.0065 3.4843, 2.5537 -2.977 3.4843, 2.501 -3.0355 3.4843, 2.5694 -2.988 3.4843, 2.5324 -3.0575 3.4843, 2.5873 -2.9949 3.4843, 2.5683 -3.0713 3.4843, 2.5873 -2.9949 2.5787, 2.5694 -2.988 2.5787, 2.5537 -2.977 2.5787, 2.5411 -2.9625 2.5787, 2.5324 -2.9454 2.5787, 2.5281 -2.9267 2.5787, 2.5683 -3.0713 2.5787, 2.5324 -3.0575 2.5787, 2.501 -3.0355 2.5787, 2.4758 -3.0065 2.5787, 2.4584 -2.9723 2.5787, 2.4498 -2.9349 2.5787, 2.3896 -2.3615 3.4843, 2.4679 -2.3533 3.4843, 2.4679 -2.3533 2.5787, 2.3896 -2.3615 2.5787, 2.3866 -2.3466 3.4843, 2.4618 -2.3234 3.4843, 2.3807 -2.3325 3.4843, 2.4501 -2.2953 3.4843, 2.3722 -2.3198 3.4843, 2.4331 -2.2699 3.4843, 2.4331 -2.2699 2.5787, 2.4501 -2.2953 2.5787, 2.4618 -2.3234 2.5787, 2.3722 -2.3198 2.5787, 2.3807 -2.3325 2.5787, 2.3866 -2.3466 2.5787, 2.2601 -2.183 3.4843, 2.321 -2.1331 3.4843, 2.321 -2.1331 2.5787, 2.2601 -2.183 2.5787, 2.3031 -2.0832 3.4843, 2.2244 -2.0832 3.4843, 2.3052 -2.101 3.4843, 2.2285 -2.1189 3.4843, 2.3113 -2.118 3.4843, 2.2406 -2.1527 3.4843, 2.3113 -2.118 2.5787, 2.3052 -2.101 2.5787, 2.3031 -2.0832 2.5787, 2.2406 -2.1527 2.5787, 2.2285 -2.1189 2.5787, 2.2244 -2.0832 2.5787, 0.8971 0.436 0.0827, 1.1276 1.0266 0.0827, 0.8971 0.436 0.0787, 1.1276 1.0266 0.0787, 1.0412 1.0266 0.0827, 1.0412 1.0266 0.0787, 0.9814 0.8609 0.0827, 0.9814 0.8609 0.0787, 0.7375 0.8609 0.0827, 0.7375 0.8609 0.0787, 0.6811 1.0266 0.0827, 0.6811 1.0266 0.0787, 0.5947 1.0266 0.0827, 0.5947 1.0266 0.0787, 0.8179 0.436 0.0827, 0.8179 0.436 0.0787, 0.7574 0.7961 0.0827, 0.9549 0.7961 0.0827, 0.8455 0.5495 0.0827, 0.8511 0.529 0.0827, 0.8549 0.5081 0.0827, 0.8568 0.5081 0.0827, 0.8607 0.5289 0.0827, 0.866 0.5495 0.0827, 0.7574 0.7961 0.0787, 0.9549 0.7961 0.0787, 0.8455 0.5495 0.0787, 0.8511 0.529 0.0787, 0.8549 0.5081 0.0787, 0.8568 0.5081 0.0787, 0.8607 0.5289 0.0787, 0.866 0.5495 0.0787, 0.2367 1.0266 0.0827, 0.0761 1.0266 0.0827, 0.2367 1.0266 0.0787, 0.0761 1.0266 0.0787, 0.0761 0.436 0.0827, 0.0761 0.436 0.0787, 0.2428 0.436 0.0827, 0.2428 0.436 0.0787, 0.5514 0.7239 0.0827, 0.5514 0.7239 0.0787, 0.5503 0.6947 0.0787, 0.5503 0.6947 0.0827, 0.5389 0.6323 0.0787, 0.5389 0.6323 0.0827, 0.5141 0.575 0.0787, 0.5141 0.575 0.0827, 0.4787 0.5287 0.0787, 0.4787 0.5287 0.0827, 0.4557 0.5075 0.0787, 0.4557 0.5075 0.0827, 0.3972 0.4694 0.0787, 0.3972 0.4694 0.0827, 0.3281 0.4452 0.0787, 0.3281 0.4452 0.0827, 0.3115 1.0199 0.0787, 0.3115 1.0199 0.0827, 0.3795 0.9992 0.0787, 0.3795 0.9992 0.0827, 0.4406 0.9632 0.0787, 0.4406 0.9632 0.0827, 0.4889 0.9165 0.0787, 0.4889 0.9165 0.0827, 0.522 0.8644 0.0787, 0.522 0.8644 0.0827, 0.5432 0.8029 0.0787, 0.5432 0.8029 0.0827, 0.4722 0.7256 0.0827, 0.4672 0.6668 0.0827, 0.4534 0.6201 0.0827, 0.4332 0.5839 0.0827, 0.4045 0.5534 0.0827, 0.3615 0.5255 0.0827, 0.3127 0.5084 0.0827, 0.2424 0.5009 0.0827, 0.1553 0.5009 0.0827, 0.1553 0.9618 0.0827, 0.2392 0.9618 0.0827, 0.3016 0.956 0.0827, 0.3513 0.9405 0.0827, 0.3912 0.9168 0.0827, 0.4245 0.8839 0.0827, 0.4493 0.8436 0.0827, 0.4649 0.7966 0.0827, 0.2424 0.5009 0.0787, 0.1553 0.5009 0.0787, 0.3127 0.5084 0.0787, 0.3615 0.5255 0.0787, 0.4045 0.5534 0.0787, 0.4332 0.5839 0.0787, 0.4534 0.6201 0.0787, 0.4672 0.6668 0.0787, 0.4722 0.7256 0.0787, 0.4649 0.7966 0.0787, 0.4493 0.8436 0.0787, 0.4245 0.8839 0.0787, 0.3912 0.9168 0.0787, 0.3513 0.9405 0.0787, 0.3016 0.956 0.0787, 0.2392 0.9618 0.0787, 0.1553 0.9618 0.0787, -0.0391 0.9618 0.0827, -0.0391 1.0266 0.0827, -0.0391 0.9618 0.0787, -0.0391 1.0266 0.0787, -0.356 1.0266 0.0827, -0.356 1.0266 0.0787, -0.356 0.436 0.0827, -0.356 0.436 0.0787, -0.0535 0.436 0.0827, -0.0535 0.436 0.0787, -0.0535 0.5009 0.0827, -0.0535 0.5009 0.0787, -0.2768 0.5009 0.0827, -0.2768 0.5009 0.0787, -0.2768 0.6953 0.0827, -0.2768 0.6953 0.0787, -0.0679 0.6953 0.0827, -0.0679 0.6953 0.0787, -0.0679 0.7601 0.0827, -0.0679 0.7601 0.0787, -0.2768 0.7601 0.0827, -0.2768 0.7601 0.0787, -0.2768 0.9618 0.0827, -0.2768 0.9618 0.0787, -0.4712 0.9312 0.0827, -0.4712 0.996 0.0827, -0.4712 0.9312 0.0787, -0.4712 0.996 0.0787, -0.6337 1.0338 0.0827, -0.6337 1.0338 0.0787, -0.6176 1.0335 0.0787, -0.6176 1.0335 0.0827, -0.5342 1.0218 0.0787, -0.5342 1.0218 0.0827, -0.9105 0.7424 0.0827, -0.9105 0.7424 0.0787, -0.9047 0.8114 0.0787, -0.9047 0.8114 0.0827, -0.8864 0.8747 0.0787, -0.8864 0.8747 0.0827, -0.8549 0.9303 0.0787, -0.8549 0.9303 0.0827, -0.8117 0.9758 0.0787, -0.8117 0.9758 0.0827, -0.7637 1.0066 0.0787, -0.7637 1.0066 0.0827, -0.7064 1.0263 0.0787, -0.7064 1.0263 0.0827, -0.6726 0.4342 0.0827, -0.6102 0.4288 0.0827, -0.6519 0.4324 0.0787, -0.6102 0.4288 0.0787, -0.6726 0.4342 0.0787, -0.7373 0.4537 0.0787, -0.7373 0.4537 0.0827, -0.7925 0.4859 0.0787, -0.7925 0.4859 0.0827, -0.8441 0.5354 0.0787, -0.8441 0.5354 0.0827, -0.8793 0.5913 0.0787, -0.8793 0.5913 0.0827, -0.902 0.6586 0.0787, -0.902 0.6586 0.0827, -0.558 0.4324 0.0787, -0.5395 0.4337 0.0827, -0.5395 0.4337 0.0787, -0.4712 0.4522 0.0827, -0.4712 0.4522 0.0787, -0.4712 0.5315 0.0827, -0.4712 0.5315 0.0787, -0.6095 0.4936 0.0827, -0.6095 0.4936 0.0787, -0.5377 0.503 0.0787, -0.5377 0.503 0.0827, -0.8313 0.7376 0.0827, -0.8313 0.7376 0.0787, -0.8287 0.6933 0.0787, -0.8287 0.6933 0.0827, -0.8131 0.6293 0.0787, -0.8131 0.6293 0.0827, -0.789 0.5837 0.0787, -0.789 0.5837 0.0827, -0.7535 0.5441 0.0787, -0.7535 0.5441 0.0827, -0.7116 0.5161 0.0787, -0.7116 0.5161 0.0827, -0.6677 0.5002 0.0787, -0.6677 0.5002 0.0827, -0.6228 0.969 0.0827, -0.6228 0.969 0.0787, -0.6776 0.9629 0.0787, -0.6776 0.9629 0.0827, -0.721 0.9469 0.0787, -0.721 0.9469 0.0827, -0.7573 0.9223 0.0787, -0.7573 0.9223 0.0827, -0.7848 0.8933 0.0787, -0.7848 0.8933 0.0827, -0.8093 0.8523 0.0787, -0.8093 0.8523 0.0827, -0.8253 0.8015 0.0787, -0.8253 0.8015 0.0827, -0.4818 0.937 0.0787, -0.4818 0.937 0.0827, -0.5444 0.9603 0.0787, -0.5444 0.9603 0.0827, -0.9609 0.9618 0.0827, -0.9609 1.0266 0.0827, -0.9609 0.9618 0.0787, -0.9609 1.0266 0.0787, -1.2634 1.0266 0.0827, -1.2634 1.0266 0.0787, -1.2634 0.436 0.0827, -1.2634 0.436 0.0787, -1.1842 0.436 0.0827, -1.1842 0.436 0.0787, -1.1842 0.9618 0.0827, -1.1842 0.9618 0.0787
            ]
        }
        coordIndex [
            0,1,2,-1,2,1,3,-1,4,5,6,-1,6,5,7,-1,8,9,10,-1,10,9,11,-1,12,13,14,-1,14,13,15,-1,14,15,16,-1,16,15,17,-1,16,17,18,-1,18,17,19,-1,18,19,20,-1,20,19,21,-1,20,21,22,-1,22,21,23,-1,22,23,6,-1,6,23,4,-1,6,8,22,-1,22,8,24,-1,22,24,20,-1,20,24,25,-1,20,25,18,-1,18,25,26,-1,18,26,16,-1,16,26,27,-1,16,27,14,-1,14,27,28,-1,14,28,12,-1,12,28,29,-1,8,10,24,-1,24,10,30,-1,24,30,25,-1,25,30,31,-1,25,31,26,-1,26,31,32,-1,26,32,27,-1,27,32,33,-1,27,33,28,-1,28,33,34,-1,28,34,29,-1,29,34,35,-1,13,35,34,-1,13,34,15,-1,15,34,33,-1,15,33,17,-1,17,33,32,-1,17,32,19,-1,19,32,31,-1,19,31,21,-1,21,31,30,-1,21,30,23,-1,23,30,10,-1,23,10,4,-1,36,13,37,-1,37,13,12,-1,37,12,38,-1,38,12,29,-1,38,29,39,-1,39,29,35,-1,35,13,39,-1,39,13,36,-1,36,37,40,-1,40,37,41,-1,40,41,42,-1,42,41,43,-1,42,43,44,-1,44,43,45,-1,46,45,43,-1,46,43,47,-1,47,43,41,-1,47,41,48,-1,48,41,37,-1,48,37,38,-1,49,46,50,-1,50,46,47,-1,50,47,51,-1,51,47,48,-1,51,48,39,-1,39,48,38,-1,39,36,51,-1,51,36,40,-1,51,40,50,-1,50,40,42,-1,50,42,49,-1,49,42,44,-1,52,44,53,-1,53,44,45,-1,53,45,54,-1,54,45,46,-1,54,46,55,-1,55,46,49,-1,49,44,55,-1,55,44,52,-1,56,57,58,-1,58,57,59,-1,58,59,60,-1,60,59,61,-1,60,61,53,-1,53,61,52,-1,53,54,60,-1,60,54,62,-1,60,62,58,-1,58,62,63,-1,58,63,56,-1,56,63,64,-1,54,55,62,-1,62,55,65,-1,62,65,63,-1,63,65,66,-1,63,66,64,-1,64,66,67,-1,57,67,66,-1,57,66,59,-1,59,66,65,-1,59,65,61,-1,61,65,55,-1,61,55,52,-1,3,57,2,-1,2,57,56,-1,2,56,0,-1,0,56,64,-1,0,64,1,-1,1,64,67,-1,67,57,1,-1,1,57,3,-1,68,69,70,-1,70,69,71,-1,72,73,74,-1,74,73,75,-1,76,77,78,-1,78,77,79,-1,80,81,82,-1,82,81,83,-1,82,83,84,-1,84,83,85,-1,84,85,86,-1,86,85,87,-1,86,87,88,-1,88,87,89,-1,88,89,90,-1,90,89,91,-1,90,91,74,-1,74,91,72,-1,74,76,90,-1,90,76,92,-1,90,92,88,-1,88,92,93,-1,88,93,86,-1,86,93,94,-1,86,94,84,-1,84,94,95,-1,84,95,82,-1,82,95,96,-1,82,96,80,-1,80,96,97,-1,76,78,92,-1,92,78,98,-1,92,98,93,-1,93,98,99,-1,93,99,94,-1,94,99,100,-1,94,100,95,-1,95,100,101,-1,95,101,96,-1,96,101,102,-1,96,102,97,-1,97,102,103,-1,81,103,102,-1,81,102,83,-1,83,102,101,-1,83,101,85,-1,85,101,100,-1,85,100,87,-1,87,100,99,-1,87,99,89,-1,89,99,98,-1,89,98,91,-1,91,98,78,-1,91,78,72,-1,104,81,105,-1,105,81,80,-1,105,80,106,-1,106,80,97,-1,106,97,107,-1,107,97,103,-1,103,81,107,-1,107,81,104,-1,104,105,108,-1,108,105,109,-1,108,109,110,-1,110,109,111,-1,110,111,112,-1,112,111,113,-1,114,113,111,-1,114,111,115,-1,115,111,109,-1,115,109,116,-1,116,109,105,-1,116,105,106,-1,117,114,118,-1,118,114,115,-1,118,115,119,-1,119,115,116,-1,119,116,107,-1,107,116,106,-1,107,104,119,-1,119,104,108,-1,119,108,118,-1,118,108,110,-1,118,110,117,-1,117,110,112,-1,120,112,121,-1,121,112,113,-1,121,113,122,-1,122,113,114,-1,122,114,123,-1,123,114,117,-1,117,112,123,-1,123,112,120,-1,124,125,126,-1,126,125,127,-1,126,127,128,-1,128,127,129,-1,128,129,121,-1,121,129,120,-1,121,122,128,-1,128,122,130,-1,128,130,126,-1,126,130,131,-1,126,131,124,-1,124,131,132,-1,122,123,130,-1,130,123,133,-1,130,133,131,-1,131,133,134,-1,131,134,132,-1,132,134,135,-1,125,135,134,-1,125,134,127,-1,127,134,133,-1,127,133,129,-1,129,133,123,-1,129,123,120,-1,68,125,69,-1,69,125,124,-1,69,124,71,-1,71,124,132,-1,71,132,70,-1,70,132,135,-1,135,125,70,-1,70,125,68,-1,136,137,138,-1,138,137,139,-1,137,140,139,-1,139,140,141,-1,140,142,141,-1,141,142,143,-1,142,144,143,-1,143,144,145,-1,144,146,145,-1,145,146,147,-1,146,148,147,-1,147,148,149,-1,148,150,149,-1,149,150,151,-1,150,136,151,-1,151,136,138,-1,152,144,153,-1,153,144,142,-1,154,150,152,-1,152,150,148,-1,152,148,144,-1,144,148,146,-1,154,155,150,-1,150,155,156,-1,150,156,136,-1,136,156,157,-1,136,157,158,-1,158,159,136,-1,136,159,153,-1,136,153,137,-1,137,153,142,-1,137,142,140,-1,152,153,160,-1,160,153,161,-1,154,152,162,-1,162,152,160,-1,154,162,163,-1,154,163,155,-1,155,163,164,-1,155,164,156,-1,157,156,165,-1,165,156,164,-1,157,165,166,-1,157,166,158,-1,158,166,167,-1,158,167,159,-1,153,159,161,-1,161,159,167,-1,168,169,170,-1,170,169,171,-1,169,172,171,-1,171,172,173,-1,172,174,173,-1,173,174,175,-1,176,177,178,-1,176,178,179,-1,179,178,180,-1,179,180,181,-1,181,180,182,-1,181,182,183,-1,183,182,184,-1,183,184,185,-1,185,184,186,-1,185,186,187,-1,187,186,188,-1,187,188,189,-1,189,188,190,-1,189,190,191,-1,191,190,175,-1,191,175,174,-1,168,170,192,-1,168,192,193,-1,193,192,194,-1,193,194,195,-1,195,194,196,-1,195,196,197,-1,197,196,198,-1,197,198,199,-1,199,198,200,-1,199,200,201,-1,201,200,202,-1,201,202,203,-1,203,202,177,-1,203,177,176,-1,203,176,204,-1,204,176,179,-1,204,179,205,-1,205,179,181,-1,205,181,206,-1,206,181,183,-1,206,183,207,-1,207,183,185,-1,207,185,208,-1,208,185,187,-1,208,187,209,-1,209,187,189,-1,209,189,210,-1,210,189,191,-1,210,191,211,-1,211,191,174,-1,211,174,212,-1,212,174,172,-1,212,172,213,-1,213,172,169,-1,213,169,214,-1,214,169,168,-1,214,168,215,-1,215,168,193,-1,215,193,216,-1,216,193,195,-1,216,195,217,-1,217,195,197,-1,217,197,218,-1,218,197,199,-1,218,199,219,-1,219,199,201,-1,219,201,220,-1,220,201,203,-1,220,203,204,-1,211,212,221,-1,221,212,222,-1,211,221,223,-1,211,223,210,-1,210,223,224,-1,210,224,209,-1,209,224,225,-1,209,225,208,-1,208,225,226,-1,208,226,207,-1,207,226,227,-1,207,227,206,-1,206,227,228,-1,206,228,205,-1,205,228,229,-1,205,229,204,-1,204,229,230,-1,204,230,220,-1,220,230,231,-1,220,231,219,-1,219,231,232,-1,219,232,218,-1,218,232,233,-1,218,233,217,-1,217,233,234,-1,217,234,216,-1,216,234,235,-1,216,235,215,-1,215,235,236,-1,215,236,214,-1,213,214,237,-1,237,214,236,-1,212,213,222,-1,222,213,237,-1,238,239,240,-1,240,239,241,-1,239,242,241,-1,241,242,243,-1,242,244,243,-1,243,244,245,-1,244,246,245,-1,245,246,247,-1,246,248,247,-1,247,248,249,-1,248,250,249,-1,249,250,251,-1,250,252,251,-1,251,252,253,-1,252,254,253,-1,253,254,255,-1,254,256,255,-1,255,256,257,-1,256,258,257,-1,257,258,259,-1,258,260,259,-1,259,260,261,-1,260,238,261,-1,261,238,240,-1,242,239,238,-1,238,260,242,-1,242,260,258,-1,242,258,244,-1,248,246,250,-1,250,246,244,-1,250,244,252,-1,252,244,258,-1,252,258,254,-1,254,258,256,-1,262,263,264,-1,264,263,265,-1,266,267,268,-1,266,268,269,-1,269,268,270,-1,269,270,271,-1,271,270,265,-1,271,265,263,-1,272,273,274,-1,272,274,275,-1,275,274,276,-1,275,276,277,-1,277,276,278,-1,277,278,279,-1,279,278,280,-1,279,280,281,-1,281,280,282,-1,281,282,283,-1,283,282,284,-1,283,284,285,-1,285,284,267,-1,285,267,266,-1,286,287,288,-1,288,287,289,-1,288,290,286,-1,286,290,291,-1,286,291,292,-1,292,291,293,-1,292,293,294,-1,294,293,295,-1,294,295,296,-1,296,295,297,-1,296,297,298,-1,298,297,299,-1,298,299,300,-1,300,299,273,-1,300,273,272,-1,289,287,301,-1,301,287,302,-1,301,302,303,-1,303,302,304,-1,303,304,305,-1,304,306,305,-1,305,306,307,-1,308,309,310,-1,308,310,311,-1,311,310,307,-1,311,307,306,-1,312,313,314,-1,312,314,315,-1,315,314,316,-1,315,316,317,-1,317,316,318,-1,317,318,319,-1,319,318,320,-1,319,320,321,-1,321,320,322,-1,321,322,323,-1,323,322,324,-1,323,324,325,-1,325,324,309,-1,325,309,308,-1,326,327,328,-1,326,328,329,-1,329,328,330,-1,329,330,331,-1,331,330,332,-1,331,332,333,-1,333,332,334,-1,333,334,335,-1,335,334,336,-1,335,336,337,-1,337,336,338,-1,337,338,339,-1,339,338,313,-1,339,313,312,-1,262,264,340,-1,262,340,341,-1,341,340,342,-1,341,342,343,-1,343,342,327,-1,343,327,326,-1,329,266,326,-1,326,266,269,-1,326,269,343,-1,343,269,271,-1,343,271,341,-1,341,271,263,-1,341,263,262,-1,306,304,311,-1,311,304,302,-1,311,302,308,-1,308,302,287,-1,308,287,325,-1,325,287,286,-1,325,286,323,-1,323,286,292,-1,323,292,321,-1,321,292,294,-1,321,294,319,-1,319,294,296,-1,319,296,317,-1,317,296,298,-1,317,298,315,-1,315,298,300,-1,315,300,312,-1,312,300,272,-1,312,272,339,-1,339,272,275,-1,339,275,337,-1,337,275,277,-1,337,277,335,-1,335,277,279,-1,335,279,333,-1,333,279,281,-1,333,281,331,-1,331,281,283,-1,331,283,329,-1,329,283,285,-1,329,285,266,-1,344,345,346,-1,346,345,347,-1,345,348,347,-1,347,348,349,-1,348,350,349,-1,349,350,351,-1,350,352,351,-1,351,352,353,-1,352,354,353,-1,353,354,355,-1,354,344,355,-1,355,344,346,-1,352,350,354,-1,354,350,348,-1,354,348,344,-1,344,348,345,-1,
        ]
    }
}
Shape{
    appearance Appearance {
        material  Material 	{
            diffuseColor 0.20784313725490197 0.20784313725490197 0.20784313725490197
            specularColor 0.01568627450980392 0.01568627450980392 0.01568627450980392
            ambientIntensity 0.298
            transparency 0.0
            shininess 0.5
        }
    }
    geometry IndexedFaceSet {
        ccw TRUE
        solid FALSE
        coord DEF co Coordinate {
            point [
                0.7574 0.7961 0.0787, 0.9549 0.7961 0.0787, 0.8455 0.5495 0.0787, 0.866 0.5495 0.0787, 0.8511 0.529 0.0787, 0.8607 0.5289 0.0787, 0.8549 0.5081 0.0787, 0.8568 0.5081 0.0787, 0.1553 0.5009 0.0787, 0.1553 0.9618 0.0787, 0.2424 0.5009 0.0787, 0.2392 0.9618 0.0787, 0.4649 0.7966 0.0787, 0.4722 0.7256 0.0787, 0.4672 0.6668 0.0787, 0.4534 0.6201 0.0787, 0.3127 0.5084 0.0787, 0.3016 0.956 0.0787, 0.3513 0.9405 0.0787, 0.3912 0.9168 0.0787, 0.4332 0.5839 0.0787, 0.4045 0.5534 0.0787, 0.3615 0.5255 0.0787, 0.4245 0.8839 0.0787, 0.4493 0.8436 0.0787
            ]
        }
        coordIndex [
            0,1,2,-1,2,1,3,-1,2,3,4,-1,4,3,5,-1,4,5,6,-1,6,5,7,-1,8,9,10,-1,10,9,11,-1,12,13,10,-1,13,14,10,-1,10,14,15,-1,10,15,16,-1,11,17,10,-1,10,17,18,-1,10,18,19,-1,20,21,15,-1,15,21,22,-1,15,22,16,-1,19,23,10,-1,10,23,24,-1,10,24,12,-1,
        ]
    }
}